Genome1,Genome2,IND_1,IND_2,is_UT,Family,Same_Village,Distance
C03_aejqo,C03_aejqo,C03,C03,NO,C_002,YES,0
C03_aejqo,D31_aejqc,C03,D31,YES,ND,NO,337
C03_aejqo,AB05_aejpr,C03,AB05,YES,ND,NO,314
C03_aejqo,D31_aejpz,C03,D31,YES,ND,NO,325
C03_aejqo,C07_aejrx,C03,C07,YES,ND,YES,40
C03_aejqo,C39_aejrg,C03,C39,YES,C_002,YES,29
C03_aejqo,C39_aejrj,C03,C39,YES,C_002,YES,28
C03_aejqo,C41_aejrr,C03,C41,YES,ND,YES,340
C03_aejqo,D31_aejqa,C03,D31,YES,ND,NO,340
C03_aejqo,AB01_aejpl,C03,AB01,YES,ND,NO,49
C03_aejqo,C05_aejru,C03,C05,YES,ND,YES,35
C03_aejqo,C35_aejrd,C03,C35,YES,ND,YES,54
C03_aejqo,C40_aejrn,C03,C40,YES,C_002,YES,320
C03_aejqo,C39_aejrh,C03,C39,YES,C_002,YES,29
C03_aejqo,C30_aejqu,C03,C30,YES,ND,YES,56
C03_aejqo,D31_aejqe,C03,D31,YES,ND,NO,334
C03_aejqo,C07_aftkq,C03,C07,YES,ND,YES,93
C03_aejqo,C07_aftkp,C03,C07,YES,ND,YES,52
C03_aejqo,C39_aejrk,C03,C39,YES,C_002,YES,28
C03_aejqo,D31_aejqb,C03,D31,YES,ND,NO,331
C03_aejqo,C35_aejrf,C03,C35,YES,ND,YES,84
C03_aejqo,C35_aejre,C03,C35,YES,ND,YES,46
C03_aejqo,C05_aejrs,C03,C05,YES,ND,YES,37
C03_aejqo,C08_aftku,C03,C08,YES,ND,YES,75
C03_aejqo,C41_aejrq,C03,C41,YES,ND,YES,317
C03_aejqo,C32_aejqy,C03,C32,YES,ND,YES,323
C03_aejqo,F09_aejqi,C03,F09,YES,ND,NO,372
C03_aejqo,C08_aftkt,C03,C08,YES,ND,YES,76
C03_aejqo,C05_aejrt,C03,C05,YES,ND,YES,28
C03_aejqo,AB05_aejpp,C03,AB05,YES,ND,NO,335
C03_aejqo,AB05_aejpo,C03,AB05,YES,ND,NO,319
C03_aejqo,C08_aftks,C03,C08,YES,ND,YES,74
C03_aejqo,C39_aejri,C03,C39,YES,C_002,YES,24
C03_aejqo,AB01_aejpn,C03,AB01,YES,ND,NO,330
C03_aejqo,D29_aejpv,C03,D29,YES,ND,NO,362
C03_aejqo,D29_aejpw,C03,D29,YES,ND,NO,352
C03_aejqo,F16_aejql,C03,F16,YES,ND,NO,381
C03_aejqo,F16_aejqm,C03,F16,YES,ND,NO,367
C03_aejqo,C03_aejqr,C03,C03,YES,C_002,YES,17
C03_aejqo,AB05_aejpq,C03,AB05,YES,ND,NO,313
C03_aejqo,D29_aejpx,C03,D29,YES,ND,NO,352
C03_aejqo,C08_aftkr,C03,C08,YES,ND,YES,65
D31_aejqc,C03_aejqo,D31,C03,NO,ND,NO,337
D31_aejqc,D31_aejqc,D31,D31,NO,ND,YES,0
D31_aejqc,AB05_aejpr,D31,AB05,YES,ND,NO,296
D31_aejqc,D31_aejpz,D31,D31,YES,ND,YES,31
D31_aejqc,C07_aejrx,D31,C07,YES,ND,NO,341
D31_aejqc,C39_aejrg,D31,C39,YES,ND,NO,339
D31_aejqc,C39_aejrj,D31,C39,YES,ND,NO,342
D31_aejqc,C41_aejrr,D31,C41,YES,ND,NO,319
D31_aejqc,D31_aejqa,D31,D31,YES,ND,YES,39
D31_aejqc,AB01_aejpl,D31,AB01,YES,ND,NO,359
D31_aejqc,C05_aejru,D31,C05,YES,ND,NO,349
D31_aejqc,C35_aejrd,D31,C35,YES,ND,NO,352
D31_aejqc,C40_aejrn,D31,C40,YES,ND,NO,302
D31_aejqc,C39_aejrh,D31,C39,YES,ND,NO,341
D31_aejqc,C30_aejqu,D31,C30,YES,ND,NO,366
D31_aejqc,D31_aejqe,D31,D31,YES,ND,YES,34
D31_aejqc,C07_aftkq,D31,C07,YES,ND,NO,390
D31_aejqc,C07_aftkp,D31,C07,YES,ND,NO,351
D31_aejqc,C39_aejrk,D31,C39,YES,ND,NO,342
D31_aejqc,D31_aejqb,D31,D31,YES,ND,YES,31
D31_aejqc,C35_aejrf,D31,C35,YES,ND,NO,380
D31_aejqc,C35_aejre,D31,C35,YES,ND,NO,359
D31_aejqc,C05_aejrs,D31,C05,YES,ND,NO,348
D31_aejqc,C08_aftku,D31,C08,YES,ND,NO,375
D31_aejqc,C41_aejrq,D31,C41,YES,ND,NO,302
D31_aejqc,C32_aejqy,D31,C32,YES,ND,NO,305
D31_aejqc,F09_aejqi,D31,F09,YES,ND,NO,374
D31_aejqc,C08_aftkt,D31,C08,YES,ND,NO,373
D31_aejqc,C05_aejrt,D31,C05,YES,ND,NO,339
D31_aejqc,AB05_aejpp,D31,AB05,YES,ND,NO,314
D31_aejqc,AB05_aejpo,D31,AB05,YES,ND,NO,302
D31_aejqc,C08_aftks,D31,C08,YES,ND,NO,371
D31_aejqc,C39_aejri,D31,C39,YES,ND,NO,341
D31_aejqc,AB01_aejpn,D31,AB01,YES,ND,NO,308
D31_aejqc,D29_aejpv,D31,D29,YES,ND,YES,244
D31_aejqc,D29_aejpw,D31,D29,YES,ND,YES,230
D31_aejqc,F16_aejql,D31,F16,YES,ND,NO,386
D31_aejqc,F16_aejqm,D31,F16,YES,ND,NO,372
D31_aejqc,C03_aejqr,D31,C03,YES,ND,NO,339
D31_aejqc,AB05_aejpq,D31,AB05,YES,ND,NO,295
D31_aejqc,D29_aejpx,D31,D29,YES,ND,YES,237
D31_aejqc,C08_aftkr,D31,C08,YES,ND,NO,364
AB05_aejpr,C03_aejqo,AB05,C03,NO,ND,NO,314
AB05_aejpr,D31_aejqc,AB05,D31,NO,ND,NO,296
AB05_aejpr,AB05_aejpr,AB05,AB05,NO,ND,YES,0
AB05_aejpr,D31_aejpz,AB05,D31,YES,ND,NO,280
AB05_aejpr,C07_aejrx,AB05,C07,YES,ND,NO,312
AB05_aejpr,C39_aejrg,AB05,C39,YES,ND,NO,317
AB05_aejpr,C39_aejrj,AB05,C39,YES,ND,NO,316
AB05_aejpr,C41_aejrr,AB05,C41,YES,ND,NO,82
AB05_aejpr,D31_aejqa,AB05,D31,YES,ND,NO,294
AB05_aejpr,AB01_aejpl,AB05,AB01,YES,ND,YES,336
AB05_aejpr,C05_aejru,AB05,C05,YES,ND,NO,322
AB05_aejpr,C35_aejrd,AB05,C35,YES,ND,NO,329
AB05_aejpr,C40_aejrn,AB05,C40,YES,ND,NO,66
AB05_aejpr,C39_aejrh,AB05,C39,YES,ND,NO,315
AB05_aejpr,C30_aejqu,AB05,C30,YES,ND,NO,338
AB05_aejpr,D31_aejqe,AB05,D31,YES,ND,NO,290
AB05_aejpr,C07_aftkq,AB05,C07,YES,ND,NO,365
AB05_aejpr,C07_aftkp,AB05,C07,YES,ND,NO,327
AB05_aejpr,C39_aejrk,AB05,C39,YES,ND,NO,321
AB05_aejpr,D31_aejqb,AB05,D31,YES,ND,NO,288
AB05_aejpr,C35_aejrf,AB05,C35,YES,ND,NO,355
AB05_aejpr,C35_aejre,AB05,C35,YES,ND,NO,337
AB05_aejpr,C05_aejrs,AB05,C05,YES,ND,NO,323
AB05_aejpr,C08_aftku,AB05,C08,YES,ND,NO,348
AB05_aejpr,C41_aejrq,AB05,C41,YES,ND,NO,62
AB05_aejpr,C32_aejqy,AB05,C32,YES,ND,NO,67
AB05_aejpr,F09_aejqi,AB05,F09,YES,ND,NO,348
AB05_aejpr,C08_aftkt,AB05,C08,YES,ND,NO,348
AB05_aejpr,C05_aejrt,AB05,C05,YES,ND,NO,318
AB05_aejpr,AB05_aejpp,AB05,AB05,YES,ND,YES,37
AB05_aejpr,AB05_aejpo,AB05,AB05,YES,ND,YES,21
AB05_aejpr,C08_aftks,AB05,C08,YES,ND,NO,347
AB05_aejpr,C39_aejri,AB05,C39,YES,ND,NO,316
AB05_aejpr,AB01_aejpn,AB05,AB01,YES,ND,YES,50
AB05_aejpr,D29_aejpv,AB05,D29,YES,ND,NO,317
AB05_aejpr,D29_aejpw,AB05,D29,YES,ND,NO,306
AB05_aejpr,F16_aejql,AB05,F16,YES,ND,NO,361
AB05_aejpr,F16_aejqm,AB05,F16,YES,ND,NO,349
AB05_aejpr,C03_aejqr,AB05,C03,YES,ND,NO,316
AB05_aejpr,AB05_aejpq,AB05,AB05,YES,ND,YES,15
AB05_aejpr,D29_aejpx,AB05,D29,YES,ND,NO,311
AB05_aejpr,C08_aftkr,AB05,C08,YES,ND,NO,339
D31_aejpz,C03_aejqo,D31,C03,NO,ND,NO,325
D31_aejpz,D31_aejqc,D31,D31,NO,ND,YES,31
D31_aejpz,AB05_aejpr,D31,AB05,NO,ND,NO,280
D31_aejpz,D31_aejpz,D31,D31,NO,ND,YES,0
D31_aejpz,C07_aejrx,D31,C07,YES,ND,NO,327
D31_aejpz,C39_aejrg,D31,C39,YES,ND,NO,323
D31_aejpz,C39_aejrj,D31,C39,YES,ND,NO,326
D31_aejpz,C41_aejrr,D31,C41,YES,ND,NO,303
D31_aejpz,D31_aejqa,D31,D31,YES,ND,YES,30
D31_aejpz,AB01_aejpl,D31,AB01,YES,ND,NO,341
D31_aejpz,C05_aejru,D31,C05,YES,ND,NO,333
D31_aejpz,C35_aejrd,D31,C35,YES,ND,NO,338
D31_aejpz,C40_aejrn,D31,C40,YES,ND,NO,291
D31_aejpz,C39_aejrh,D31,C39,YES,ND,NO,326
D31_aejpz,C30_aejqu,D31,C30,YES,ND,NO,346
D31_aejpz,D31_aejqe,D31,D31,YES,ND,YES,29
D31_aejpz,C07_aftkq,D31,C07,YES,ND,NO,378
D31_aejpz,C07_aftkp,D31,C07,YES,ND,NO,336
D31_aejpz,C39_aejrk,D31,C39,YES,ND,NO,328
D31_aejpz,D31_aejqb,D31,D31,YES,ND,YES,23
D31_aejpz,C35_aejrf,D31,C35,YES,ND,NO,362
D31_aejpz,C35_aejre,D31,C35,YES,ND,NO,342
D31_aejpz,C05_aejrs,D31,C05,YES,ND,NO,332
D31_aejpz,C08_aftku,D31,C08,YES,ND,NO,363
D31_aejpz,C41_aejrq,D31,C41,YES,ND,NO,291
D31_aejpz,C32_aejqy,D31,C32,YES,ND,NO,287
D31_aejpz,F09_aejqi,D31,F09,YES,ND,NO,360
D31_aejpz,C08_aftkt,D31,C08,YES,ND,NO,361
D31_aejpz,C05_aejrt,D31,C05,YES,ND,NO,326
D31_aejpz,AB05_aejpp,D31,AB05,YES,ND,NO,297
D31_aejpz,AB05_aejpo,D31,AB05,YES,ND,NO,287
D31_aejpz,C08_aftks,D31,C08,YES,ND,NO,359
D31_aejpz,C39_aejri,D31,C39,YES,ND,NO,327
D31_aejpz,AB01_aejpn,D31,AB01,YES,ND,NO,293
D31_aejpz,D29_aejpv,D31,D29,YES,ND,YES,227
D31_aejpz,D29_aejpw,D31,D29,YES,ND,YES,214
D31_aejpz,F16_aejql,D31,F16,YES,ND,NO,374
D31_aejpz,F16_aejqm,D31,F16,YES,ND,NO,358
D31_aejpz,C03_aejqr,D31,C03,YES,ND,NO,327
D31_aejpz,AB05_aejpq,D31,AB05,YES,ND,NO,278
D31_aejpz,D29_aejpx,D31,D29,YES,ND,YES,225
D31_aejpz,C08_aftkr,D31,C08,YES,ND,NO,350
C07_aejrx,C03_aejqo,C07,C03,NO,ND,YES,40
C07_aejrx,D31_aejqc,C07,D31,NO,ND,NO,341
C07_aejrx,AB05_aejpr,C07,AB05,NO,ND,NO,312
C07_aejrx,D31_aejpz,C07,D31,NO,ND,NO,327
C07_aejrx,C07_aejrx,C07,C07,NO,C_003,YES,0
C07_aejrx,C39_aejrg,C07,C39,YES,ND,YES,45
C07_aejrx,C39_aejrj,C07,C39,YES,ND,YES,41
C07_aejrx,C41_aejrr,C07,C41,YES,ND,YES,338
C07_aejrx,D31_aejqa,C07,D31,YES,ND,NO,341
C07_aejrx,AB01_aejpl,C07,AB01,YES,ND,NO,63
C07_aejrx,C05_aejru,C07,C05,YES,ND,YES,47
C07_aejrx,C35_aejrd,C07,C35,YES,ND,YES,52
C07_aejrx,C40_aejrn,C07,C40,YES,ND,YES,322
C07_aejrx,C39_aejrh,C07,C39,YES,ND,YES,43
C07_aejrx,C30_aejqu,C07,C30,YES,ND,YES,70
C07_aejrx,D31_aejqe,C07,D31,YES,ND,NO,334
C07_aejrx,C07_aftkq,C07,C07,YES,C_003,YES,64
C07_aejrx,C07_aftkp,C07,C07,YES,C_003,YES,23
C07_aejrx,C39_aejrk,C07,C39,YES,ND,YES,48
C07_aejrx,D31_aejqb,C07,D31,YES,ND,NO,335
C07_aejrx,C35_aejrf,C07,C35,YES,ND,YES,84
C07_aejrx,C35_aejre,C07,C35,YES,ND,YES,64
C07_aejrx,C05_aejrs,C07,C05,YES,ND,YES,53
C07_aejrx,C08_aftku,C07,C08,YES,C_003,YES,64
C07_aejrx,C41_aejrq,C07,C41,YES,ND,YES,318
C07_aejrx,C32_aejqy,C07,C32,YES,ND,YES,321
C07_aejrx,F09_aejqi,C07,F09,YES,ND,NO,370
C07_aejrx,C08_aftkt,C07,C08,YES,C_003,YES,67
C07_aejrx,C05_aejrt,C07,C05,YES,ND,YES,48
C07_aejrx,AB05_aejpp,C07,AB05,YES,ND,NO,335
C07_aejrx,AB05_aejpo,C07,AB05,YES,ND,NO,321
C07_aejrx,C08_aftks,C07,C08,YES,C_003,YES,65
C07_aejrx,C39_aejri,C07,C39,YES,ND,YES,42
C07_aejrx,AB01_aejpn,C07,AB01,YES,ND,NO,328
C07_aejrx,D29_aejpv,C07,D29,YES,ND,NO,362
C07_aejrx,D29_aejpw,C07,D29,YES,ND,NO,351
C07_aejrx,F16_aejql,C07,F16,YES,ND,NO,383
C07_aejrx,F16_aejqm,C07,F16,YES,ND,NO,371
C07_aejrx,C03_aejqr,C07,C03,YES,ND,YES,43
C07_aejrx,AB05_aejpq,C07,AB05,YES,ND,NO,315
C07_aejrx,D29_aejpx,C07,D29,YES,ND,NO,352
C07_aejrx,C08_aftkr,C07,C08,YES,C_003,YES,54
C39_aejrg,C03_aejqo,C39,C03,NO,C_002,YES,29
C39_aejrg,D31_aejqc,C39,D31,NO,ND,NO,339
C39_aejrg,AB05_aejpr,C39,AB05,NO,ND,NO,317
C39_aejrg,D31_aejpz,C39,D31,NO,ND,NO,323
C39_aejrg,C07_aejrx,C39,C07,NO,ND,YES,45
C39_aejrg,C39_aejrg,C39,C39,NO,C_002,YES,0
C39_aejrg,C39_aejrj,C39,C39,YES,C_002,YES,10
C39_aejrg,C41_aejrr,C39,C41,YES,ND,YES,337
C39_aejrg,D31_aejqa,C39,D31,YES,ND,NO,340
C39_aejrg,AB01_aejpl,C39,AB01,YES,ND,NO,49
C39_aejrg,C05_aejru,C39,C05,YES,ND,YES,35
C39_aejrg,C35_aejrd,C39,C35,YES,ND,YES,58
C39_aejrg,C40_aejrn,C39,C40,YES,C_002,YES,325
C39_aejrg,C39_aejrh,C39,C39,YES,C_002,YES,12
C39_aejrg,C30_aejqu,C39,C30,YES,ND,YES,55
C39_aejrg,D31_aejqe,C39,D31,YES,ND,NO,337
C39_aejrg,C07_aftkq,C39,C07,YES,ND,YES,98
C39_aejrg,C07_aftkp,C39,C07,YES,ND,YES,58
C39_aejrg,C39_aejrk,C39,C39,YES,C_002,YES,14
C39_aejrg,D31_aejqb,C39,D31,YES,ND,NO,333
C39_aejrg,C35_aejrf,C39,C35,YES,ND,YES,86
C39_aejrg,C35_aejre,C39,C35,YES,ND,YES,51
C39_aejrg,C05_aejrs,C39,C05,YES,ND,YES,38
C39_aejrg,C08_aftku,C39,C08,YES,ND,YES,82
C39_aejrg,C41_aejrq,C39,C41,YES,ND,YES,324
C39_aejrg,C32_aejqy,C39,C32,YES,ND,YES,320
C39_aejrg,F09_aejqi,C39,F09,YES,ND,NO,374
C39_aejrg,C08_aftkt,C39,C08,YES,ND,YES,81
C39_aejrg,C05_aejrt,C39,C05,YES,ND,YES,29
C39_aejrg,AB05_aejpp,C39,AB05,YES,ND,NO,336
C39_aejrg,AB05_aejpo,C39,AB05,YES,ND,NO,324
C39_aejrg,C08_aftks,C39,C08,YES,ND,YES,78
C39_aejrg,C39_aejri,C39,C39,YES,C_002,YES,13
C39_aejrg,AB01_aejpn,C39,AB01,YES,ND,NO,327
C39_aejrg,D29_aejpv,C39,D29,YES,ND,NO,364
C39_aejrg,D29_aejpw,C39,D29,YES,ND,NO,350
C39_aejrg,F16_aejql,C39,F16,YES,ND,NO,389
C39_aejrg,F16_aejqm,C39,F16,YES,ND,NO,373
C39_aejrg,C03_aejqr,C39,C03,YES,C_002,YES,32
C39_aejrg,AB05_aejpq,C39,AB05,YES,ND,NO,316
C39_aejrg,D29_aejpx,C39,D29,YES,ND,NO,356
C39_aejrg,C08_aftkr,C39,C08,YES,ND,YES,71
C39_aejrj,C03_aejqo,C39,C03,NO,C_002,YES,28
C39_aejrj,D31_aejqc,C39,D31,NO,ND,NO,342
C39_aejrj,AB05_aejpr,C39,AB05,NO,ND,NO,316
C39_aejrj,D31_aejpz,C39,D31,NO,ND,NO,326
C39_aejrj,C07_aejrx,C39,C07,NO,ND,YES,41
C39_aejrj,C39_aejrg,C39,C39,NO,C_002,YES,10
C39_aejrj,C39_aejrj,C39,C39,NO,C_002,YES,0
C39_aejrj,C41_aejrr,C39,C41,YES,ND,YES,336
C39_aejrj,D31_aejqa,C39,D31,YES,ND,NO,338
C39_aejrj,AB01_aejpl,C39,AB01,YES,ND,NO,47
C39_aejrj,C05_aejru,C39,C05,YES,ND,YES,31
C39_aejrj,C35_aejrd,C39,C35,YES,ND,YES,57
C39_aejrj,C40_aejrn,C39,C40,YES,C_002,YES,327
C39_aejrj,C39_aejrh,C39,C39,YES,C_002,YES,10
C39_aejrj,C30_aejqu,C39,C30,YES,ND,YES,54
C39_aejrj,D31_aejqe,C39,D31,YES,ND,NO,334
C39_aejrj,C07_aftkq,C39,C07,YES,ND,YES,95
C39_aejrj,C07_aftkp,C39,C07,YES,ND,YES,57
C39_aejrj,C39_aejrk,C39,C39,YES,C_002,YES,15
C39_aejrj,D31_aejqb,C39,D31,YES,ND,NO,334
C39_aejrj,C35_aejrf,C39,C35,YES,ND,YES,85
C39_aejrj,C35_aejre,C39,C35,YES,ND,YES,50
C39_aejrj,C05_aejrs,C39,C05,YES,ND,YES,38
C39_aejrj,C08_aftku,C39,C08,YES,ND,YES,79
C39_aejrj,C41_aejrq,C39,C41,YES,ND,YES,318
C39_aejrj,C32_aejqy,C39,C32,YES,ND,YES,320
C39_aejrj,F09_aejqi,C39,F09,YES,ND,NO,375
C39_aejrj,C08_aftkt,C39,C08,YES,ND,YES,80
C39_aejrj,C05_aejrt,C39,C05,YES,ND,YES,31
C39_aejrj,AB05_aejpp,C39,AB05,YES,ND,NO,338
C39_aejrj,AB05_aejpo,C39,AB05,YES,ND,NO,318
C39_aejrj,C08_aftks,C39,C08,YES,ND,YES,78
C39_aejrj,C39_aejri,C39,C39,YES,C_002,YES,12
C39_aejrj,AB01_aejpn,C39,AB01,YES,ND,NO,328
C39_aejrj,D29_aejpv,C39,D29,YES,ND,NO,360
C39_aejrj,D29_aejpw,C39,D29,YES,ND,NO,346
C39_aejrj,F16_aejql,C39,F16,YES,ND,NO,386
C39_aejrj,F16_aejqm,C39,F16,YES,ND,NO,373
C39_aejrj,C03_aejqr,C39,C03,YES,C_002,YES,31
C39_aejrj,AB05_aejpq,C39,AB05,YES,ND,NO,313
C39_aejrj,D29_aejpx,C39,D29,YES,ND,NO,355
C39_aejrj,C08_aftkr,C39,C08,YES,ND,YES,68
C41_aejrr,C03_aejqo,C41,C03,NO,ND,YES,340
C41_aejrr,D31_aejqc,C41,D31,NO,ND,NO,319
C41_aejrr,AB05_aejpr,C41,AB05,NO,ND,NO,82
C41_aejrr,D31_aejpz,C41,D31,NO,ND,NO,303
C41_aejrr,C07_aejrx,C41,C07,NO,ND,YES,338
C41_aejrr,C39_aejrg,C41,C39,NO,ND,YES,337
C41_aejrr,C39_aejrj,C41,C39,NO,ND,YES,336
C41_aejrr,C41_aejrr,C41,C41,NO,ND,YES,0
C41_aejrr,D31_aejqa,C41,D31,YES,ND,NO,320
C41_aejrr,AB01_aejpl,C41,AB01,YES,ND,NO,357
C41_aejrr,C05_aejru,C41,C05,YES,ND,YES,345
C41_aejrr,C35_aejrd,C41,C35,YES,ND,YES,352
C41_aejrr,C40_aejrn,C41,C40,YES,ND,YES,54
C41_aejrr,C39_aejrh,C41,C39,YES,ND,YES,339
C41_aejrr,C30_aejqu,C41,C30,YES,ND,YES,362
C41_aejrr,D31_aejqe,C41,D31,YES,ND,NO,314
C41_aejrr,C07_aftkq,C41,C07,YES,ND,YES,390
C41_aejrr,C07_aftkp,C41,C07,YES,ND,YES,351
C41_aejrr,C39_aejrk,C41,C39,YES,ND,YES,344
C41_aejrr,D31_aejqb,C41,D31,YES,ND,NO,313
C41_aejrr,C35_aejrf,C41,C35,YES,ND,YES,378
C41_aejrr,C35_aejre,C41,C35,YES,ND,YES,357
C41_aejrr,C05_aejrs,C41,C05,YES,ND,YES,341
C41_aejrr,C08_aftku,C41,C08,YES,ND,YES,377
C41_aejrr,C41_aejrq,C41,C41,YES,ND,YES,35
C41_aejrr,C32_aejqy,C41,C32,YES,ND,YES,57
C41_aejrr,F09_aejqi,C41,F09,YES,ND,NO,376
C41_aejrr,C08_aftkt,C41,C08,YES,ND,YES,375
C41_aejrr,C05_aejrt,C41,C05,YES,ND,YES,342
C41_aejrr,AB05_aejpp,C41,AB05,YES,ND,NO,105
C41_aejrr,AB05_aejpo,C41,AB05,YES,ND,NO,85
C41_aejrr,C08_aftks,C41,C08,YES,ND,YES,373
C41_aejrr,C39_aejri,C41,C39,YES,ND,YES,342
C41_aejrr,AB01_aejpn,C41,AB01,YES,ND,NO,92
C41_aejrr,D29_aejpv,C41,D29,YES,ND,NO,342
C41_aejrr,D29_aejpw,C41,D29,YES,ND,NO,328
C41_aejrr,F16_aejql,C41,F16,YES,ND,NO,391
C41_aejrr,F16_aejqm,C41,F16,YES,ND,NO,375
C41_aejrr,C03_aejqr,C41,C03,YES,ND,YES,342
C41_aejrr,AB05_aejpq,C41,AB05,YES,ND,NO,81
C41_aejrr,D29_aejpx,C41,D29,YES,ND,NO,336
C41_aejrr,C08_aftkr,C41,C08,YES,ND,YES,363
D31_aejqa,C03_aejqo,D31,C03,NO,ND,NO,340
D31_aejqa,D31_aejqc,D31,D31,NO,ND,YES,39
D31_aejqa,AB05_aejpr,D31,AB05,NO,ND,NO,294
D31_aejqa,D31_aejpz,D31,D31,NO,ND,YES,30
D31_aejqa,C07_aejrx,D31,C07,NO,ND,NO,341
D31_aejqa,C39_aejrg,D31,C39,NO,ND,NO,340
D31_aejqa,C39_aejrj,D31,C39,NO,ND,NO,338
D31_aejqa,C41_aejrr,D31,C41,NO,ND,NO,320
D31_aejqa,D31_aejqa,D31,D31,NO,ND,YES,0
D31_aejqa,AB01_aejpl,D31,AB01,YES,ND,NO,356
D31_aejqa,C05_aejru,D31,C05,YES,ND,NO,345
D31_aejqa,C35_aejrd,D31,C35,YES,ND,NO,355
D31_aejqa,C40_aejrn,D31,C40,YES,ND,NO,303
D31_aejqa,C39_aejrh,D31,C39,YES,ND,NO,338
D31_aejqa,C30_aejqu,D31,C30,YES,ND,NO,360
D31_aejqa,D31_aejqe,D31,D31,YES,ND,YES,22
D31_aejqa,C07_aftkq,D31,C07,YES,ND,NO,392
D31_aejqa,C07_aftkp,D31,C07,YES,ND,NO,351
D31_aejqa,C39_aejrk,D31,C39,YES,ND,NO,345
D31_aejqa,D31_aejqb,D31,D31,YES,ND,YES,16
D31_aejqa,C35_aejrf,D31,C35,YES,ND,NO,380
D31_aejqa,C35_aejre,D31,C35,YES,ND,NO,358
D31_aejqa,C05_aejrs,D31,C05,YES,ND,NO,348
D31_aejqa,C08_aftku,D31,C08,YES,ND,NO,374
D31_aejqa,C41_aejrq,D31,C41,YES,ND,NO,299
D31_aejqa,C32_aejqy,D31,C32,YES,ND,NO,302
D31_aejqa,F09_aejqi,D31,F09,YES,ND,NO,377
D31_aejqa,C08_aftkt,D31,C08,YES,ND,NO,374
D31_aejqa,C05_aejrt,D31,C05,YES,ND,NO,337
D31_aejqa,AB05_aejpp,D31,AB05,YES,ND,NO,314
D31_aejqa,AB05_aejpo,D31,AB05,YES,ND,NO,301
D31_aejqa,C08_aftks,D31,C08,YES,ND,NO,372
D31_aejqa,C39_aejri,D31,C39,YES,ND,NO,340
D31_aejqa,AB01_aejpn,D31,AB01,YES,ND,NO,306
D31_aejqa,D29_aejpv,D31,D29,YES,ND,YES,234
D31_aejqa,D29_aejpw,D31,D29,YES,ND,YES,224
D31_aejqa,F16_aejql,D31,F16,YES,ND,NO,384
D31_aejqa,F16_aejqm,D31,F16,YES,ND,NO,371
D31_aejqa,C03_aejqr,D31,C03,YES,ND,NO,339
D31_aejqa,AB05_aejpq,D31,AB05,YES,ND,NO,289
D31_aejqa,D29_aejpx,D31,D29,YES,ND,YES,237
D31_aejqa,C08_aftkr,D31,C08,YES,ND,NO,366
AB01_aejpl,C03_aejqo,AB01,C03,NO,ND,NO,49
AB01_aejpl,D31_aejqc,AB01,D31,NO,ND,NO,359
AB01_aejpl,AB05_aejpr,AB01,AB05,NO,ND,YES,336
AB01_aejpl,D31_aejpz,AB01,D31,NO,ND,NO,341
AB01_aejpl,C07_aejrx,AB01,C07,NO,ND,NO,63
AB01_aejpl,C39_aejrg,AB01,C39,NO,ND,NO,49
AB01_aejpl,C39_aejrj,AB01,C39,NO,ND,NO,47
AB01_aejpl,C41_aejrr,AB01,C41,NO,ND,NO,357
AB01_aejpl,D31_aejqa,AB01,D31,NO,ND,NO,356
AB01_aejpl,AB01_aejpl,AB01,AB01,NO,ND,YES,0
AB01_aejpl,C05_aejru,AB01,C05,YES,ND,NO,55
AB01_aejpl,C35_aejrd,AB01,C35,YES,ND,NO,75
AB01_aejpl,C40_aejrn,AB01,C40,YES,ND,NO,345
AB01_aejpl,C39_aejrh,AB01,C39,YES,ND,NO,48
AB01_aejpl,C30_aejqu,AB01,C30,YES,ND,NO,74
AB01_aejpl,D31_aejqe,AB01,D31,YES,ND,NO,355
AB01_aejpl,C07_aftkq,AB01,C07,YES,ND,NO,113
AB01_aejpl,C07_aftkp,AB01,C07,YES,ND,NO,72
AB01_aejpl,C39_aejrk,AB01,C39,YES,ND,NO,54
AB01_aejpl,D31_aejqb,AB01,D31,YES,ND,NO,351
AB01_aejpl,C35_aejrf,AB01,C35,YES,ND,NO,100
AB01_aejpl,C35_aejre,AB01,C35,YES,ND,NO,65
AB01_aejpl,C05_aejrs,AB01,C05,YES,ND,NO,58
AB01_aejpl,C08_aftku,AB01,C08,YES,ND,NO,99
AB01_aejpl,C41_aejrq,AB01,C41,YES,ND,NO,341
AB01_aejpl,C32_aejqy,AB01,C32,YES,ND,NO,337
AB01_aejpl,F09_aejqi,AB01,F09,YES,ND,NO,391
AB01_aejpl,C08_aftkt,AB01,C08,YES,ND,NO,97
AB01_aejpl,C05_aejrt,AB01,C05,YES,ND,NO,50
AB01_aejpl,AB05_aejpp,AB01,AB05,YES,ND,YES,353
AB01_aejpl,AB05_aejpo,AB01,AB05,YES,ND,YES,339
AB01_aejpl,C08_aftks,AB01,C08,YES,ND,NO,95
AB01_aejpl,C39_aejri,AB01,C39,YES,ND,NO,51
AB01_aejpl,AB01_aejpn,AB01,AB01,YES,ND,YES,347
AB01_aejpl,D29_aejpv,AB01,D29,YES,ND,NO,380
AB01_aejpl,D29_aejpw,AB01,D29,YES,ND,NO,363
AB01_aejpl,F16_aejql,AB01,F16,YES,ND,NO,405
AB01_aejpl,F16_aejqm,AB01,F16,YES,ND,NO,391
AB01_aejpl,C03_aejqr,AB01,C03,YES,ND,NO,54
AB01_aejpl,AB05_aejpq,AB01,AB05,YES,ND,YES,332
AB01_aejpl,D29_aejpx,AB01,D29,YES,ND,NO,376
AB01_aejpl,C08_aftkr,AB01,C08,YES,ND,NO,87
C05_aejru,C03_aejqo,C05,C03,NO,ND,YES,35
C05_aejru,D31_aejqc,C05,D31,NO,ND,NO,349
C05_aejru,AB05_aejpr,C05,AB05,NO,ND,NO,322
C05_aejru,D31_aejpz,C05,D31,NO,ND,NO,333
C05_aejru,C07_aejrx,C05,C07,NO,ND,YES,47
C05_aejru,C39_aejrg,C05,C39,NO,ND,YES,35
C05_aejru,C39_aejrj,C05,C39,NO,ND,YES,31
C05_aejru,C41_aejrr,C05,C41,NO,ND,YES,345
C05_aejru,D31_aejqa,C05,D31,NO,ND,NO,345
C05_aejru,AB01_aejpl,C05,AB01,NO,ND,NO,55
C05_aejru,C05_aejru,C05,C05,NO,ND,YES,0
C05_aejru,C35_aejrd,C05,C35,YES,ND,YES,66
C05_aejru,C40_aejrn,C05,C40,YES,ND,YES,331
C05_aejru,C39_aejrh,C05,C39,YES,ND,YES,34
C05_aejru,C30_aejqu,C05,C30,YES,ND,YES,62
C05_aejru,D31_aejqe,C05,D31,YES,ND,NO,341
C05_aejru,C07_aftkq,C05,C07,YES,ND,YES,102
C05_aejru,C07_aftkp,C05,C07,YES,ND,YES,62
C05_aejru,C39_aejrk,C05,C39,YES,ND,YES,40
C05_aejru,D31_aejqb,C05,D31,YES,ND,NO,340
C05_aejru,C35_aejrf,C05,C35,YES,ND,YES,92
C05_aejru,C35_aejre,C05,C35,YES,ND,YES,53
C05_aejru,C05_aejrs,C05,C05,YES,ND,YES,24
C05_aejru,C08_aftku,C05,C08,YES,ND,YES,86
C05_aejru,C41_aejrq,C05,C41,YES,ND,YES,328
C05_aejru,C32_aejqy,C05,C32,YES,ND,YES,325
C05_aejru,F09_aejqi,C05,F09,YES,ND,NO,381
C05_aejru,C08_aftkt,C05,C08,YES,ND,YES,85
C05_aejru,C05_aejrt,C05,C05,YES,ND,YES,20
C05_aejru,AB05_aejpp,C05,AB05,YES,ND,NO,345
C05_aejru,AB05_aejpo,C05,AB05,YES,ND,NO,327
C05_aejru,C08_aftks,C05,C08,YES,ND,YES,83
C05_aejru,C39_aejri,C05,C39,YES,ND,YES,31
C05_aejru,AB01_aejpn,C05,AB01,YES,ND,NO,333
C05_aejru,D29_aejpv,C05,D29,YES,ND,NO,368
C05_aejru,D29_aejpw,C05,D29,YES,ND,NO,357
C05_aejru,F16_aejql,C05,F16,YES,ND,NO,391
C05_aejru,F16_aejqm,C05,F16,YES,ND,NO,377
C05_aejru,C03_aejqr,C05,C03,YES,ND,YES,38
C05_aejru,AB05_aejpq,C05,AB05,YES,ND,NO,322
C05_aejru,D29_aejpx,C05,D29,YES,ND,NO,362
C05_aejru,C08_aftkr,C05,C08,YES,ND,YES,73
C35_aejrd,C03_aejqo,C35,C03,NO,ND,YES,54
C35_aejrd,D31_aejqc,C35,D31,NO,ND,NO,352
C35_aejrd,AB05_aejpr,C35,AB05,NO,ND,NO,329
C35_aejrd,D31_aejpz,C35,D31,NO,ND,NO,338
C35_aejrd,C07_aejrx,C35,C07,NO,ND,YES,52
C35_aejrd,C39_aejrg,C35,C39,NO,ND,YES,58
C35_aejrd,C39_aejrj,C35,C39,NO,ND,YES,57
C35_aejrd,C41_aejrr,C35,C41,NO,ND,YES,352
C35_aejrd,D31_aejqa,C35,D31,NO,ND,NO,355
C35_aejrd,AB01_aejpl,C35,AB01,NO,ND,NO,75
C35_aejrd,C05_aejru,C35,C05,NO,ND,YES,66
C35_aejrd,C35_aejrd,C35,C35,NO,ND,YES,0
C35_aejrd,C40_aejrn,C35,C40,YES,ND,YES,336
C35_aejrd,C39_aejrh,C35,C39,YES,ND,YES,59
C35_aejrd,C30_aejqu,C35,C30,YES,ND,YES,85
C35_aejrd,D31_aejqe,C35,D31,YES,ND,NO,350
C35_aejrd,C07_aftkq,C35,C07,YES,ND,YES,98
C35_aejrd,C07_aftkp,C35,C07,YES,ND,YES,65
C35_aejrd,C39_aejrk,C35,C39,YES,ND,YES,61
C35_aejrd,D31_aejqb,C35,D31,YES,ND,NO,347
C35_aejrd,C35_aejrf,C35,C35,YES,ND,YES,63
C35_aejrd,C35_aejre,C35,C35,YES,ND,YES,78
C35_aejrd,C05_aejrs,C35,C05,YES,ND,YES,67
C35_aejrd,C08_aftku,C35,C08,YES,ND,YES,86
C35_aejrd,C41_aejrq,C35,C41,YES,ND,YES,333
C35_aejrd,C32_aejqy,C35,C32,YES,ND,YES,336
C35_aejrd,F09_aejqi,C35,F09,YES,ND,NO,383
C35_aejrd,C08_aftkt,C35,C08,YES,ND,YES,86
C35_aejrd,C05_aejrt,C35,C05,YES,ND,YES,59
C35_aejrd,AB05_aejpp,C35,AB05,YES,ND,NO,346
C35_aejrd,AB05_aejpo,C35,AB05,YES,ND,NO,336
C35_aejrd,C08_aftks,C35,C08,YES,ND,YES,86
C35_aejrd,C39_aejri,C35,C39,YES,ND,YES,54
C35_aejrd,AB01_aejpn,C35,AB01,YES,ND,NO,344
C35_aejrd,D29_aejpv,C35,D29,YES,ND,NO,377
C35_aejrd,D29_aejpw,C35,D29,YES,ND,NO,363
C35_aejrd,F16_aejql,C35,F16,YES,ND,NO,397
C35_aejrd,F16_aejqm,C35,F16,YES,ND,NO,385
C35_aejrd,C03_aejqr,C35,C03,YES,ND,YES,57
C35_aejrd,AB05_aejpq,C35,AB05,YES,ND,NO,329
C35_aejrd,D29_aejpx,C35,D29,YES,ND,NO,365
C35_aejrd,C08_aftkr,C35,C08,YES,ND,YES,78
C40_aejrn,C03_aejqo,C40,C03,NO,C_002,YES,320
C40_aejrn,D31_aejqc,C40,D31,NO,ND,NO,302
C40_aejrn,AB05_aejpr,C40,AB05,NO,ND,NO,66
C40_aejrn,D31_aejpz,C40,D31,NO,ND,NO,291
C40_aejrn,C07_aejrx,C40,C07,NO,ND,YES,322
C40_aejrn,C39_aejrg,C40,C39,NO,C_002,YES,325
C40_aejrn,C39_aejrj,C40,C39,NO,C_002,YES,327
C40_aejrn,C41_aejrr,C40,C41,NO,ND,YES,54
C40_aejrn,D31_aejqa,C40,D31,NO,ND,NO,303
C40_aejrn,AB01_aejpl,C40,AB01,NO,ND,NO,345
C40_aejrn,C05_aejru,C40,C05,NO,ND,YES,331
C40_aejrn,C35_aejrd,C40,C35,NO,ND,YES,336
C40_aejrn,C40_aejrn,C40,C40,NO,C_002,YES,0
C40_aejrn,C39_aejrh,C40,C39,YES,C_002,YES,323
C40_aejrn,C30_aejqu,C40,C30,YES,ND,YES,350
C40_aejrn,D31_aejqe,C40,D31,YES,ND,NO,298
C40_aejrn,C07_aftkq,C40,C07,YES,ND,YES,371
C40_aejrn,C07_aftkp,C40,C07,YES,ND,YES,332
C40_aejrn,C39_aejrk,C40,C39,YES,C_002,YES,324
C40_aejrn,D31_aejqb,C40,D31,YES,ND,NO,299
C40_aejrn,C35_aejrf,C40,C35,YES,ND,YES,366
C40_aejrn,C35_aejre,C40,C35,YES,ND,YES,342
C40_aejrn,C05_aejrs,C40,C05,YES,ND,YES,333
C40_aejrn,C08_aftku,C40,C08,YES,ND,YES,358
C40_aejrn,C41_aejrq,C40,C41,YES,ND,YES,32
C40_aejrn,C32_aejqy,C40,C32,YES,ND,YES,43
C40_aejrn,F09_aejqi,C40,F09,YES,ND,NO,360
C40_aejrn,C08_aftkt,C40,C08,YES,ND,YES,352
C40_aejrn,C05_aejrt,C40,C05,YES,ND,YES,324
C40_aejrn,AB05_aejpp,C40,AB05,YES,ND,NO,87
C40_aejrn,AB05_aejpo,C40,AB05,YES,ND,NO,75
C40_aejrn,C08_aftks,C40,C08,YES,ND,YES,352
C40_aejrn,C39_aejri,C40,C39,YES,C_002,YES,322
C40_aejrn,AB01_aejpn,C40,AB01,YES,ND,NO,78
C40_aejrn,D29_aejpv,C40,D29,YES,ND,NO,328
C40_aejrn,D29_aejpw,C40,D29,YES,ND,NO,317
C40_aejrn,F16_aejql,C40,F16,YES,ND,NO,365
C40_aejrn,F16_aejqm,C40,F16,YES,ND,NO,355
C40_aejrn,C03_aejqr,C40,C03,YES,C_002,YES,319
C40_aejrn,AB05_aejpq,C40,AB05,YES,ND,NO,67
C40_aejrn,D29_aejpx,C40,D29,YES,ND,NO,322
C40_aejrn,C08_aftkr,C40,C08,YES,ND,YES,345
C39_aejrh,C03_aejqo,C39,C03,NO,C_002,YES,29
C39_aejrh,D31_aejqc,C39,D31,NO,ND,NO,341
C39_aejrh,AB05_aejpr,C39,AB05,NO,ND,NO,315
C39_aejrh,D31_aejpz,C39,D31,NO,ND,NO,326
C39_aejrh,C07_aejrx,C39,C07,NO,ND,YES,43
C39_aejrh,C39_aejrg,C39,C39,NO,C_002,YES,12
C39_aejrh,C39_aejrj,C39,C39,NO,C_002,YES,10
C39_aejrh,C41_aejrr,C39,C41,NO,ND,YES,339
C39_aejrh,D31_aejqa,C39,D31,NO,ND,NO,338
C39_aejrh,AB01_aejpl,C39,AB01,NO,ND,NO,48
C39_aejrh,C05_aejru,C39,C05,NO,ND,YES,34
C39_aejrh,C35_aejrd,C39,C35,NO,ND,YES,59
C39_aejrh,C40_aejrn,C39,C40,NO,C_002,YES,323
C39_aejrh,C39_aejrh,C39,C39,NO,C_002,YES,0
C39_aejrh,C30_aejqu,C39,C30,YES,ND,YES,57
C39_aejrh,D31_aejqe,C39,D31,YES,ND,NO,333
C39_aejrh,C07_aftkq,C39,C07,YES,ND,YES,93
C39_aejrh,C07_aftkp,C39,C07,YES,ND,YES,56
C39_aejrh,C39_aejrk,C39,C39,YES,C_002,YES,17
C39_aejrh,D31_aejqb,C39,D31,YES,ND,NO,334
C39_aejrh,C35_aejrf,C39,C35,YES,ND,YES,85
C39_aejrh,C35_aejre,C39,C35,YES,ND,YES,47
C39_aejrh,C05_aejrs,C39,C05,YES,ND,YES,32
C39_aejrh,C08_aftku,C39,C08,YES,ND,YES,81
C39_aejrh,C41_aejrq,C39,C41,YES,ND,YES,321
C39_aejrh,C32_aejqy,C39,C32,YES,ND,YES,320
C39_aejrh,F09_aejqi,C39,F09,YES,ND,NO,375
C39_aejrh,C08_aftkt,C39,C08,YES,ND,YES,78
C39_aejrh,C05_aejrt,C39,C05,YES,ND,YES,27
C39_aejrh,AB05_aejpp,C39,AB05,YES,ND,NO,336
C39_aejrh,AB05_aejpo,C39,AB05,YES,ND,NO,322
C39_aejrh,C08_aftks,C39,C08,YES,ND,YES,76
C39_aejrh,C39_aejri,C39,C39,YES,C_002,YES,13
C39_aejrh,AB01_aejpn,C39,AB01,YES,ND,NO,325
C39_aejrh,D29_aejpv,C39,D29,YES,ND,NO,359
C39_aejrh,D29_aejpw,C39,D29,YES,ND,NO,350
C39_aejrh,F16_aejql,C39,F16,YES,ND,NO,388
C39_aejrh,F16_aejqm,C39,F16,YES,ND,NO,372
C39_aejrh,C03_aejqr,C39,C03,YES,C_002,YES,30
C39_aejrh,AB05_aejpq,C39,AB05,YES,ND,NO,314
C39_aejrh,D29_aejpx,C39,D29,YES,ND,NO,359
C39_aejrh,C08_aftkr,C39,C08,YES,ND,YES,69
C30_aejqu,C03_aejqo,C30,C03,NO,ND,YES,56
C30_aejqu,D31_aejqc,C30,D31,NO,ND,NO,366
C30_aejqu,AB05_aejpr,C30,AB05,NO,ND,NO,338
C30_aejqu,D31_aejpz,C30,D31,NO,ND,NO,346
C30_aejqu,C07_aejrx,C30,C07,NO,ND,YES,70
C30_aejqu,C39_aejrg,C30,C39,NO,ND,YES,55
C30_aejqu,C39_aejrj,C30,C39,NO,ND,YES,54
C30_aejqu,C41_aejrr,C30,C41,NO,ND,YES,362
C30_aejqu,D31_aejqa,C30,D31,NO,ND,NO,360
C30_aejqu,AB01_aejpl,C30,AB01,NO,ND,NO,74
C30_aejqu,C05_aejru,C30,C05,NO,ND,YES,62
C30_aejqu,C35_aejrd,C30,C35,NO,ND,YES,85
C30_aejqu,C40_aejrn,C30,C40,NO,ND,YES,350
C30_aejqu,C39_aejrh,C30,C39,NO,ND,YES,57
C30_aejqu,C30_aejqu,C30,C30,NO,ND,YES,0
C30_aejqu,D31_aejqe,C30,D31,YES,ND,NO,360
C30_aejqu,C07_aftkq,C30,C07,YES,ND,YES,123
C30_aejqu,C07_aftkp,C30,C07,YES,ND,YES,85
C30_aejqu,C39_aejrk,C30,C39,YES,ND,YES,61
C30_aejqu,D31_aejqb,C30,D31,YES,ND,NO,356
C30_aejqu,C35_aejrf,C30,C35,YES,ND,YES,88
C30_aejqu,C35_aejre,C30,C35,YES,ND,YES,75
C30_aejqu,C05_aejrs,C30,C05,YES,ND,YES,63
C30_aejqu,C08_aftku,C30,C08,YES,ND,YES,106
C30_aejqu,C41_aejrq,C30,C41,YES,ND,YES,346
C30_aejqu,C32_aejqy,C30,C32,YES,ND,YES,347
C30_aejqu,F09_aejqi,C30,F09,YES,ND,NO,402
C30_aejqu,C08_aftkt,C30,C08,YES,ND,YES,108
C30_aejqu,C05_aejrt,C30,C05,YES,ND,YES,58
C30_aejqu,AB05_aejpp,C30,AB05,YES,ND,NO,361
C30_aejqu,AB05_aejpo,C30,AB05,YES,ND,NO,345
C30_aejqu,C08_aftks,C30,C08,YES,ND,YES,105
C30_aejqu,C39_aejri,C30,C39,YES,ND,YES,58
C30_aejqu,AB01_aejpn,C30,AB01,YES,ND,NO,356
C30_aejqu,D29_aejpv,C30,D29,YES,ND,NO,381
C30_aejqu,D29_aejpw,C30,D29,YES,ND,NO,372
C30_aejqu,F16_aejql,C30,F16,YES,ND,NO,413
C30_aejqu,F16_aejqm,C30,F16,YES,ND,NO,399
C30_aejqu,C03_aejqr,C30,C03,YES,ND,YES,58
C30_aejqu,AB05_aejpq,C30,AB05,YES,ND,NO,339
C30_aejqu,D29_aejpx,C30,D29,YES,ND,NO,383
C30_aejqu,C08_aftkr,C30,C08,YES,ND,YES,97
D31_aejqe,C03_aejqo,D31,C03,NO,ND,NO,334
D31_aejqe,D31_aejqc,D31,D31,NO,ND,YES,34
D31_aejqe,AB05_aejpr,D31,AB05,NO,ND,NO,290
D31_aejqe,D31_aejpz,D31,D31,NO,ND,YES,29
D31_aejqe,C07_aejrx,D31,C07,NO,ND,NO,334
D31_aejqe,C39_aejrg,D31,C39,NO,ND,NO,337
D31_aejqe,C39_aejrj,D31,C39,NO,ND,NO,334
D31_aejqe,C41_aejrr,D31,C41,NO,ND,NO,314
D31_aejqe,D31_aejqa,D31,D31,NO,ND,YES,22
D31_aejqe,AB01_aejpl,D31,AB01,NO,ND,NO,355
D31_aejqe,C05_aejru,D31,C05,NO,ND,NO,341
D31_aejqe,C35_aejrd,D31,C35,NO,ND,NO,350
D31_aejqe,C40_aejrn,D31,C40,NO,ND,NO,298
D31_aejqe,C39_aejrh,D31,C39,NO,ND,NO,333
D31_aejqe,C30_aejqu,D31,C30,NO,ND,NO,360
D31_aejqe,D31_aejqe,D31,D31,NO,ND,YES,0
D31_aejqe,C07_aftkq,D31,C07,YES,ND,NO,386
D31_aejqe,C07_aftkp,D31,C07,YES,ND,NO,345
D31_aejqe,C39_aejrk,D31,C39,YES,ND,NO,340
D31_aejqe,D31_aejqb,D31,D31,YES,ND,YES,23
D31_aejqe,C35_aejrf,D31,C35,YES,ND,NO,378
D31_aejqe,C35_aejre,D31,C35,YES,ND,NO,352
D31_aejqe,C05_aejrs,D31,C05,YES,ND,NO,345
D31_aejqe,C08_aftku,D31,C08,YES,ND,NO,371
D31_aejqe,C41_aejrq,D31,C41,YES,ND,NO,293
D31_aejqe,C32_aejqy,D31,C32,YES,ND,NO,297
D31_aejqe,F09_aejqi,D31,F09,YES,ND,NO,368
D31_aejqe,C08_aftkt,D31,C08,YES,ND,NO,367
D31_aejqe,C05_aejrt,D31,C05,YES,ND,NO,338
D31_aejqe,AB05_aejpp,D31,AB05,YES,ND,NO,313
D31_aejqe,AB05_aejpo,D31,AB05,YES,ND,NO,293
D31_aejqe,C08_aftks,D31,C08,YES,ND,NO,365
D31_aejqe,C39_aejri,D31,C39,YES,ND,NO,334
D31_aejqe,AB01_aejpn,D31,AB01,YES,ND,NO,298
D31_aejqe,D29_aejpv,D31,D29,YES,ND,YES,233
D31_aejqe,D29_aejpw,D31,D29,YES,ND,YES,222
D31_aejqe,F16_aejql,D31,F16,YES,ND,NO,381
D31_aejqe,F16_aejqm,D31,F16,YES,ND,NO,365
D31_aejqe,C03_aejqr,D31,C03,YES,ND,NO,331
D31_aejqe,AB05_aejpq,D31,AB05,YES,ND,NO,287
D31_aejqe,D29_aejpx,D31,D29,YES,ND,YES,233
D31_aejqe,C08_aftkr,D31,C08,YES,ND,NO,358
C07_aftkq,C03_aejqo,C07,C03,NO,ND,YES,93
C07_aftkq,D31_aejqc,C07,D31,NO,ND,NO,390
C07_aftkq,AB05_aejpr,C07,AB05,NO,ND,NO,365
C07_aftkq,D31_aejpz,C07,D31,NO,ND,NO,378
C07_aftkq,C07_aejrx,C07,C07,NO,C_003,YES,64
C07_aftkq,C39_aejrg,C07,C39,NO,ND,YES,98
C07_aftkq,C39_aejrj,C07,C39,NO,ND,YES,95
C07_aftkq,C41_aejrr,C07,C41,NO,ND,YES,390
C07_aftkq,D31_aejqa,C07,D31,NO,ND,NO,392
C07_aftkq,AB01_aejpl,C07,AB01,NO,ND,NO,113
C07_aftkq,C05_aejru,C07,C05,NO,ND,YES,102
C07_aftkq,C35_aejrd,C07,C35,NO,ND,YES,98
C07_aftkq,C40_aejrn,C07,C40,NO,ND,YES,371
C07_aftkq,C39_aejrh,C07,C39,NO,ND,YES,93
C07_aftkq,C30_aejqu,C07,C30,NO,ND,YES,123
C07_aftkq,D31_aejqe,C07,D31,NO,ND,NO,386
C07_aftkq,C07_aftkq,C07,C07,NO,C_003,YES,0
C07_aftkq,C07_aftkp,C07,C07,YES,C_003,YES,69
C07_aftkq,C39_aejrk,C07,C39,YES,ND,YES,97
C07_aftkq,D31_aejqb,C07,D31,YES,ND,NO,383
C07_aftkq,C35_aejrf,C07,C35,YES,ND,YES,134
C07_aftkq,C35_aejre,C07,C35,YES,ND,YES,115
C07_aftkq,C05_aejrs,C07,C05,YES,ND,YES,101
C07_aftkq,C08_aftku,C07,C08,YES,C_003,YES,106
C07_aftkq,C41_aejrq,C07,C41,YES,ND,YES,366
C07_aftkq,C32_aejqy,C07,C32,YES,ND,YES,374
C07_aftkq,F09_aejqi,C07,F09,YES,ND,NO,421
C07_aftkq,C08_aftkt,C07,C08,YES,C_003,YES,98
C07_aftkq,C05_aejrt,C07,C05,YES,ND,YES,96
C07_aftkq,AB05_aejpp,C07,AB05,YES,ND,NO,385
C07_aftkq,AB05_aejpo,C07,AB05,YES,ND,NO,373
C07_aftkq,C08_aftks,C07,C08,YES,C_003,YES,100
C07_aftkq,C39_aejri,C07,C39,YES,ND,YES,96
C07_aftkq,AB01_aejpn,C07,AB01,YES,ND,NO,380
C07_aftkq,D29_aejpv,C07,D29,YES,ND,NO,413
C07_aftkq,D29_aejpw,C07,D29,YES,ND,NO,399
C07_aftkq,F16_aejql,C07,F16,YES,ND,NO,433
C07_aftkq,F16_aejqm,C07,F16,YES,ND,NO,423
C07_aftkq,C03_aejqr,C07,C03,YES,ND,YES,94
C07_aftkq,AB05_aejpq,C07,AB05,YES,ND,NO,367
C07_aftkq,D29_aejpx,C07,D29,YES,ND,NO,405
C07_aftkq,C08_aftkr,C07,C08,YES,C_003,YES,86
C07_aftkp,C03_aejqo,C07,C03,NO,ND,YES,52
C07_aftkp,D31_aejqc,C07,D31,NO,ND,NO,351
C07_aftkp,AB05_aejpr,C07,AB05,NO,ND,NO,327
C07_aftkp,D31_aejpz,C07,D31,NO,ND,NO,336
C07_aftkp,C07_aejrx,C07,C07,NO,C_003,YES,23
C07_aftkp,C39_aejrg,C07,C39,NO,ND,YES,58
C07_aftkp,C39_aejrj,C07,C39,NO,ND,YES,57
C07_aftkp,C41_aejrr,C07,C41,NO,ND,YES,351
C07_aftkp,D31_aejqa,C07,D31,NO,ND,NO,351
C07_aftkp,AB01_aejpl,C07,AB01,NO,ND,NO,72
C07_aftkp,C05_aejru,C07,C05,NO,ND,YES,62
C07_aftkp,C35_aejrd,C07,C35,NO,ND,YES,65
C07_aftkp,C40_aejrn,C07,C40,NO,ND,YES,332
C07_aftkp,C39_aejrh,C07,C39,NO,ND,YES,56
C07_aftkp,C30_aejqu,C07,C30,NO,ND,YES,85
C07_aftkp,D31_aejqe,C07,D31,NO,ND,NO,345
C07_aftkp,C07_aftkq,C07,C07,NO,C_003,YES,69
C07_aftkp,C07_aftkp,C07,C07,NO,C_003,YES,0
C07_aftkp,C39_aejrk,C07,C39,YES,ND,YES,58
C07_aftkp,D31_aejqb,C07,D31,YES,ND,NO,347
C07_aftkp,C35_aejrf,C07,C35,YES,ND,YES,94
C07_aftkp,C35_aejre,C07,C35,YES,ND,YES,72
C07_aftkp,C05_aejrs,C07,C05,YES,ND,YES,66
C07_aftkp,C08_aftku,C07,C08,YES,C_003,YES,70
C07_aftkp,C41_aejrq,C07,C41,YES,ND,YES,331
C07_aftkp,C32_aejqy,C07,C32,YES,ND,YES,332
C07_aftkp,F09_aejqi,C07,F09,YES,ND,NO,383
C07_aftkp,C08_aftkt,C07,C08,YES,C_003,YES,66
C07_aftkp,C05_aejrt,C07,C05,YES,ND,YES,58
C07_aftkp,AB05_aejpp,C07,AB05,YES,ND,NO,347
C07_aftkp,AB05_aejpo,C07,AB05,YES,ND,NO,333
C07_aftkp,C08_aftks,C07,C08,YES,C_003,YES,64
C07_aftkp,C39_aejri,C07,C39,YES,ND,YES,53
C07_aftkp,AB01_aejpn,C07,AB01,YES,ND,NO,339
C07_aftkp,D29_aejpv,C07,D29,YES,ND,NO,377
C07_aftkp,D29_aejpw,C07,D29,YES,ND,NO,363
C07_aftkp,F16_aejql,C07,F16,YES,ND,NO,393
C07_aftkp,F16_aejqm,C07,F16,YES,ND,NO,381
C07_aftkp,C03_aejqr,C07,C03,YES,ND,YES,55
C07_aftkp,AB05_aejpq,C07,AB05,YES,ND,NO,324
C07_aftkp,D29_aejpx,C07,D29,YES,ND,NO,367
C07_aftkp,C08_aftkr,C07,C08,YES,C_003,YES,53
C39_aejrk,C03_aejqo,C39,C03,NO,C_002,YES,28
C39_aejrk,D31_aejqc,C39,D31,NO,ND,NO,342
C39_aejrk,AB05_aejpr,C39,AB05,NO,ND,NO,321
C39_aejrk,D31_aejpz,C39,D31,NO,ND,NO,328
C39_aejrk,C07_aejrx,C39,C07,NO,ND,YES,48
C39_aejrk,C39_aejrg,C39,C39,NO,C_002,YES,14
C39_aejrk,C39_aejrj,C39,C39,NO,C_002,YES,15
C39_aejrk,C41_aejrr,C39,C41,NO,ND,YES,344
C39_aejrk,D31_aejqa,C39,D31,NO,ND,NO,345
C39_aejrk,AB01_aejpl,C39,AB01,NO,ND,NO,54
C39_aejrk,C05_aejru,C39,C05,NO,ND,YES,40
C39_aejrk,C35_aejrd,C39,C35,NO,ND,YES,61
C39_aejrk,C40_aejrn,C39,C40,NO,C_002,YES,324
C39_aejrk,C39_aejrh,C39,C39,NO,C_002,YES,17
C39_aejrk,C30_aejqu,C39,C30,NO,ND,YES,61
C39_aejrk,D31_aejqe,C39,D31,NO,ND,NO,340
C39_aejrk,C07_aftkq,C39,C07,NO,ND,YES,97
C39_aejrk,C07_aftkp,C39,C07,NO,ND,YES,58
C39_aejrk,C39_aejrk,C39,C39,NO,C_002,YES,0
C39_aejrk,D31_aejqb,C39,D31,YES,ND,NO,336
C39_aejrk,C35_aejrf,C39,C35,YES,ND,YES,89
C39_aejrk,C35_aejre,C39,C35,YES,ND,YES,54
C39_aejrk,C05_aejrs,C39,C05,YES,ND,YES,41
C39_aejrk,C08_aftku,C39,C08,YES,ND,YES,82
C39_aejrk,C41_aejrq,C39,C41,YES,ND,YES,324
C39_aejrk,C32_aejqy,C39,C32,YES,ND,YES,326
C39_aejrk,F09_aejqi,C39,F09,YES,ND,NO,379
C39_aejrk,C08_aftkt,C39,C08,YES,ND,YES,81
C39_aejrk,C05_aejrt,C39,C05,YES,ND,YES,33
C39_aejrk,AB05_aejpp,C39,AB05,YES,ND,NO,338
C39_aejrk,AB05_aejpo,C39,AB05,YES,ND,NO,323
C39_aejrk,C08_aftks,C39,C08,YES,ND,YES,81
C39_aejrk,C39_aejri,C39,C39,YES,C_002,YES,14
C39_aejrk,AB01_aejpn,C39,AB01,YES,ND,NO,336
C39_aejrk,D29_aejpv,C39,D29,YES,ND,NO,367
C39_aejrk,D29_aejpw,C39,D29,YES,ND,NO,357
C39_aejrk,F16_aejql,C39,F16,YES,ND,NO,383
C39_aejrk,F16_aejqm,C39,F16,YES,ND,NO,373
C39_aejrk,C03_aejqr,C39,C03,YES,C_002,YES,33
C39_aejrk,AB05_aejpq,C39,AB05,YES,ND,NO,317
C39_aejrk,D29_aejpx,C39,D29,YES,ND,NO,359
C39_aejrk,C08_aftkr,C39,C08,YES,ND,YES,71
D31_aejqb,C03_aejqo,D31,C03,NO,ND,NO,331
D31_aejqb,D31_aejqc,D31,D31,NO,ND,YES,31
D31_aejqb,AB05_aejpr,D31,AB05,NO,ND,NO,288
D31_aejqb,D31_aejpz,D31,D31,NO,ND,YES,23
D31_aejqb,C07_aejrx,D31,C07,NO,ND,NO,335
D31_aejqb,C39_aejrg,D31,C39,NO,ND,NO,333
D31_aejqb,C39_aejrj,D31,C39,NO,ND,NO,334
D31_aejqb,C41_aejrr,D31,C41,NO,ND,NO,313
D31_aejqb,D31_aejqa,D31,D31,NO,ND,YES,16
D31_aejqb,AB01_aejpl,D31,AB01,NO,ND,NO,351
D31_aejqb,C05_aejru,D31,C05,NO,ND,NO,340
D31_aejqb,C35_aejrd,D31,C35,NO,ND,NO,347
D31_aejqb,C40_aejrn,D31,C40,NO,ND,NO,299
D31_aejqb,C39_aejrh,D31,C39,NO,ND,NO,334
D31_aejqb,C30_aejqu,D31,C30,NO,ND,NO,356
D31_aejqb,D31_aejqe,D31,D31,NO,ND,YES,23
D31_aejqb,C07_aftkq,D31,C07,NO,ND,NO,383
D31_aejqb,C07_aftkp,D31,C07,NO,ND,NO,347
D31_aejqb,C39_aejrk,D31,C39,NO,ND,NO,336
D31_aejqb,D31_aejqb,D31,D31,NO,ND,YES,0
D31_aejqb,C35_aejrf,D31,C35,YES,ND,NO,373
D31_aejqb,C35_aejre,D31,C35,YES,ND,NO,351
D31_aejqb,C05_aejrs,D31,C05,YES,ND,NO,340
D31_aejqb,C08_aftku,D31,C08,YES,ND,NO,369
D31_aejqb,C41_aejrq,D31,C41,YES,ND,NO,297
D31_aejqb,C32_aejqy,D31,C32,YES,ND,NO,297
D31_aejqb,F09_aejqi,D31,F09,YES,ND,NO,370
D31_aejqb,C08_aftkt,D31,C08,YES,ND,NO,370
D31_aejqb,C05_aejrt,D31,C05,YES,ND,NO,332
D31_aejqb,AB05_aejpp,D31,AB05,YES,ND,NO,307
D31_aejqb,AB05_aejpo,D31,AB05,YES,ND,NO,293
D31_aejqb,C08_aftks,D31,C08,YES,ND,NO,368
D31_aejqb,C39_aejri,D31,C39,YES,ND,NO,335
D31_aejqb,AB01_aejpn,D31,AB01,YES,ND,NO,303
D31_aejqb,D29_aejpv,D31,D29,YES,ND,YES,235
D31_aejqb,D29_aejpw,D31,D29,YES,ND,YES,222
D31_aejqb,F16_aejql,D31,F16,YES,ND,NO,380
D31_aejqb,F16_aejqm,D31,F16,YES,ND,NO,364
D31_aejqb,C03_aejqr,D31,C03,YES,ND,NO,334
D31_aejqb,AB05_aejpq,D31,AB05,YES,ND,NO,288
D31_aejqb,D29_aejpx,D31,D29,YES,ND,YES,229
D31_aejqb,C08_aftkr,D31,C08,YES,ND,NO,360
C35_aejrf,C03_aejqo,C35,C03,NO,ND,YES,84
C35_aejrf,D31_aejqc,C35,D31,NO,ND,NO,380
C35_aejrf,AB05_aejpr,C35,AB05,NO,ND,NO,355
C35_aejrf,D31_aejpz,C35,D31,NO,ND,NO,362
C35_aejrf,C07_aejrx,C35,C07,NO,ND,YES,84
C35_aejrf,C39_aejrg,C35,C39,NO,ND,YES,86
C35_aejrf,C39_aejrj,C35,C39,NO,ND,YES,85
C35_aejrf,C41_aejrr,C35,C41,NO,ND,YES,378
C35_aejrf,D31_aejqa,C35,D31,NO,ND,NO,380
C35_aejrf,AB01_aejpl,C35,AB01,NO,ND,NO,100
C35_aejrf,C05_aejru,C35,C05,NO,ND,YES,92
C35_aejrf,C35_aejrd,C35,C35,NO,ND,YES,63
C35_aejrf,C40_aejrn,C35,C40,NO,ND,YES,366
C35_aejrf,C39_aejrh,C35,C39,NO,ND,YES,85
C35_aejrf,C30_aejqu,C35,C30,NO,ND,YES,88
C35_aejrf,D31_aejqe,C35,D31,NO,ND,NO,378
C35_aejrf,C07_aftkq,C35,C07,NO,ND,YES,134
C35_aejrf,C07_aftkp,C35,C07,NO,ND,YES,94
C35_aejrf,C39_aejrk,C35,C39,NO,ND,YES,89
C35_aejrf,D31_aejqb,C35,D31,NO,ND,NO,373
C35_aejrf,C35_aejrf,C35,C35,NO,ND,YES,0
C35_aejrf,C35_aejre,C35,C35,YES,ND,YES,99
C35_aejrf,C05_aejrs,C35,C05,YES,ND,YES,93
C35_aejrf,C08_aftku,C35,C08,YES,ND,YES,118
C35_aejrf,C41_aejrq,C35,C41,YES,ND,YES,362
C35_aejrf,C32_aejqy,C35,C32,YES,ND,YES,360
C35_aejrf,F09_aejqi,C35,F09,YES,ND,NO,415
C35_aejrf,C08_aftkt,C35,C08,YES,ND,YES,117
C35_aejrf,C05_aejrt,C35,C05,YES,ND,YES,85
C35_aejrf,AB05_aejpp,C35,AB05,YES,ND,NO,374
C35_aejrf,AB05_aejpo,C35,AB05,YES,ND,NO,361
C35_aejrf,C08_aftks,C35,C08,YES,ND,YES,115
C35_aejrf,C39_aejri,C35,C39,YES,ND,YES,88
C35_aejrf,AB01_aejpn,C35,AB01,YES,ND,NO,370
C35_aejrf,D29_aejpv,C35,D29,YES,ND,NO,400
C35_aejrf,D29_aejpw,C35,D29,YES,ND,NO,389
C35_aejrf,F16_aejql,C35,F16,YES,ND,NO,429
C35_aejrf,F16_aejqm,C35,F16,YES,ND,NO,413
C35_aejrf,C03_aejqr,C35,C03,YES,ND,YES,88
C35_aejrf,AB05_aejpq,C35,AB05,YES,ND,NO,357
C35_aejrf,D29_aejpx,C35,D29,YES,ND,NO,398
C35_aejrf,C08_aftkr,C35,C08,YES,ND,YES,106
C35_aejre,C03_aejqo,C35,C03,NO,ND,YES,46
C35_aejre,D31_aejqc,C35,D31,NO,ND,NO,359
C35_aejre,AB05_aejpr,C35,AB05,NO,ND,NO,337
C35_aejre,D31_aejpz,C35,D31,NO,ND,NO,342
C35_aejre,C07_aejrx,C35,C07,NO,ND,YES,64
C35_aejre,C39_aejrg,C35,C39,NO,ND,YES,51
C35_aejre,C39_aejrj,C35,C39,NO,ND,YES,50
C35_aejre,C41_aejrr,C35,C41,NO,ND,YES,357
C35_aejre,D31_aejqa,C35,D31,NO,ND,NO,358
C35_aejre,AB01_aejpl,C35,AB01,NO,ND,NO,65
C35_aejre,C05_aejru,C35,C05,NO,ND,YES,53
C35_aejre,C35_aejrd,C35,C35,NO,ND,YES,78
C35_aejre,C40_aejrn,C35,C40,NO,ND,YES,342
C35_aejre,C39_aejrh,C35,C39,NO,ND,YES,47
C35_aejre,C30_aejqu,C35,C30,NO,ND,YES,75
C35_aejre,D31_aejqe,C35,D31,NO,ND,NO,352
C35_aejre,C07_aftkq,C35,C07,NO,ND,YES,115
C35_aejre,C07_aftkp,C35,C07,NO,ND,YES,72
C35_aejre,C39_aejrk,C35,C39,NO,ND,YES,54
C35_aejre,D31_aejqb,C35,D31,NO,ND,NO,351
C35_aejre,C35_aejrf,C35,C35,NO,ND,YES,99
C35_aejre,C35_aejre,C35,C35,NO,ND,YES,0
C35_aejre,C05_aejrs,C35,C05,YES,ND,YES,54
C35_aejre,C08_aftku,C35,C08,YES,ND,YES,99
C35_aejre,C41_aejrq,C35,C41,YES,ND,YES,341
C35_aejre,C32_aejqy,C35,C32,YES,ND,YES,333
C35_aejre,F09_aejqi,C35,F09,YES,ND,NO,394
C35_aejre,C08_aftkt,C35,C08,YES,ND,YES,96
C35_aejre,C05_aejrt,C35,C05,YES,ND,YES,50
C35_aejre,AB05_aejpp,C35,AB05,YES,ND,NO,353
C35_aejre,AB05_aejpo,C35,AB05,YES,ND,NO,339
C35_aejre,C08_aftks,C35,C08,YES,ND,YES,94
C35_aejre,C39_aejri,C35,C39,YES,ND,YES,50
C35_aejre,AB01_aejpn,C35,AB01,YES,ND,NO,344
C35_aejre,D29_aejpv,C35,D29,YES,ND,NO,379
C35_aejre,D29_aejpw,C35,D29,YES,ND,NO,368
C35_aejre,F16_aejql,C35,F16,YES,ND,NO,403
C35_aejre,F16_aejqm,C35,F16,YES,ND,NO,385
C35_aejre,C03_aejqr,C35,C03,YES,ND,YES,49
C35_aejre,AB05_aejpq,C35,AB05,YES,ND,NO,335
C35_aejre,D29_aejpx,C35,D29,YES,ND,NO,378
C35_aejre,C08_aftkr,C35,C08,YES,ND,YES,83
C05_aejrs,C03_aejqo,C05,C03,NO,ND,YES,37
C05_aejrs,D31_aejqc,C05,D31,NO,ND,NO,348
C05_aejrs,AB05_aejpr,C05,AB05,NO,ND,NO,323
C05_aejrs,D31_aejpz,C05,D31,NO,ND,NO,332
C05_aejrs,C07_aejrx,C05,C07,NO,ND,YES,53
C05_aejrs,C39_aejrg,C05,C39,NO,ND,YES,38
C05_aejrs,C39_aejrj,C05,C39,NO,ND,YES,38
C05_aejrs,C41_aejrr,C05,C41,NO,ND,YES,341
C05_aejrs,D31_aejqa,C05,D31,NO,ND,NO,348
C05_aejrs,AB01_aejpl,C05,AB01,NO,ND,NO,58
C05_aejrs,C05_aejru,C05,C05,NO,ND,YES,24
C05_aejrs,C35_aejrd,C05,C35,NO,ND,YES,67
C05_aejrs,C40_aejrn,C05,C40,NO,ND,YES,333
C05_aejrs,C39_aejrh,C05,C39,NO,ND,YES,32
C05_aejrs,C30_aejqu,C05,C30,NO,ND,YES,63
C05_aejrs,D31_aejqe,C05,D31,NO,ND,NO,345
C05_aejrs,C07_aftkq,C05,C07,NO,ND,YES,101
C05_aejrs,C07_aftkp,C05,C07,NO,ND,YES,66
C05_aejrs,C39_aejrk,C05,C39,NO,ND,YES,41
C05_aejrs,D31_aejqb,C05,D31,NO,ND,NO,340
C05_aejrs,C35_aejrf,C05,C35,NO,ND,YES,93
C05_aejrs,C35_aejre,C05,C35,NO,ND,YES,54
C05_aejrs,C05_aejrs,C05,C05,NO,ND,YES,0
C05_aejrs,C08_aftku,C05,C08,YES,ND,YES,91
C05_aejrs,C41_aejrq,C05,C41,YES,ND,YES,333
C05_aejrs,C32_aejqy,C05,C32,YES,ND,YES,330
C05_aejrs,F09_aejqi,C05,F09,YES,ND,NO,385
C05_aejrs,C08_aftkt,C05,C08,YES,ND,YES,90
C05_aejrs,C05_aejrt,C05,C05,YES,ND,YES,19
C05_aejrs,AB05_aejpp,C05,AB05,YES,ND,NO,346
C05_aejrs,AB05_aejpo,C05,AB05,YES,ND,NO,328
C05_aejrs,C08_aftks,C05,C08,YES,ND,YES,88
C05_aejrs,C39_aejri,C05,C39,YES,ND,YES,39
C05_aejrs,AB01_aejpn,C05,AB01,YES,ND,NO,337
C05_aejrs,D29_aejpv,C05,D29,YES,ND,NO,367
C05_aejrs,D29_aejpw,C05,D29,YES,ND,NO,360
C05_aejrs,F16_aejql,C05,F16,YES,ND,NO,396
C05_aejrs,F16_aejqm,C05,F16,YES,ND,NO,380
C05_aejrs,C03_aejqr,C05,C03,YES,ND,YES,41
C05_aejrs,AB05_aejpq,C05,AB05,YES,ND,NO,324
C05_aejrs,D29_aejpx,C05,D29,YES,ND,NO,367
C05_aejrs,C08_aftkr,C05,C08,YES,ND,YES,78
C08_aftku,C03_aejqo,C08,C03,NO,ND,YES,75
C08_aftku,D31_aejqc,C08,D31,NO,ND,NO,375
C08_aftku,AB05_aejpr,C08,AB05,NO,ND,NO,348
C08_aftku,D31_aejpz,C08,D31,NO,ND,NO,363
C08_aftku,C07_aejrx,C08,C07,NO,C_003,YES,64
C08_aftku,C39_aejrg,C08,C39,NO,ND,YES,82
C08_aftku,C39_aejrj,C08,C39,NO,ND,YES,79
C08_aftku,C41_aejrr,C08,C41,NO,ND,YES,377
C08_aftku,D31_aejqa,C08,D31,NO,ND,NO,374
C08_aftku,AB01_aejpl,C08,AB01,NO,ND,NO,99
C08_aftku,C05_aejru,C08,C05,NO,ND,YES,86
C08_aftku,C35_aejrd,C08,C35,NO,ND,YES,86
C08_aftku,C40_aejrn,C08,C40,NO,ND,YES,358
C08_aftku,C39_aejrh,C08,C39,NO,ND,YES,81
C08_aftku,C30_aejqu,C08,C30,NO,ND,YES,106
C08_aftku,D31_aejqe,C08,D31,NO,ND,NO,371
C08_aftku,C07_aftkq,C08,C07,NO,C_003,YES,106
C08_aftku,C07_aftkp,C08,C07,NO,C_003,YES,70
C08_aftku,C39_aejrk,C08,C39,NO,ND,YES,82
C08_aftku,D31_aejqb,C08,D31,NO,ND,NO,369
C08_aftku,C35_aejrf,C08,C35,NO,ND,YES,118
C08_aftku,C35_aejre,C08,C35,NO,ND,YES,99
C08_aftku,C05_aejrs,C08,C05,NO,ND,YES,91
C08_aftku,C08_aftku,C08,C08,NO,C_003,YES,0
C08_aftku,C41_aejrq,C08,C41,YES,ND,YES,351
C08_aftku,C32_aejqy,C08,C32,YES,ND,YES,358
C08_aftku,F09_aejqi,C08,F09,YES,ND,NO,402
C08_aftku,C08_aftkt,C08,C08,YES,C_003,YES,78
C08_aftku,C05_aejrt,C08,C05,YES,ND,YES,81
C08_aftku,AB05_aejpp,C08,AB05,YES,ND,NO,370
C08_aftku,AB05_aejpo,C08,AB05,YES,ND,NO,356
C08_aftku,C08_aftks,C08,C08,YES,C_003,YES,73
C08_aftku,C39_aejri,C08,C39,YES,ND,YES,79
C08_aftku,AB01_aejpn,C08,AB01,YES,ND,NO,367
C08_aftku,D29_aejpv,C08,D29,YES,ND,NO,399
C08_aftku,D29_aejpw,C08,D29,YES,ND,NO,387
C08_aftku,F16_aejql,C08,F16,YES,ND,NO,414
C08_aftku,F16_aejqm,C08,F16,YES,ND,NO,403
C08_aftku,C03_aejqr,C08,C03,YES,ND,YES,78
C08_aftku,AB05_aejpq,C08,AB05,YES,ND,NO,352
C08_aftku,D29_aejpx,C08,D29,YES,ND,NO,390
C08_aftku,C08_aftkr,C08,C08,YES,C_003,YES,68
C41_aejrq,C03_aejqo,C41,C03,NO,ND,YES,317
C41_aejrq,D31_aejqc,C41,D31,NO,ND,NO,302
C41_aejrq,AB05_aejpr,C41,AB05,NO,ND,NO,62
C41_aejrq,D31_aejpz,C41,D31,NO,ND,NO,291
C41_aejrq,C07_aejrx,C41,C07,NO,ND,YES,318
C41_aejrq,C39_aejrg,C41,C39,NO,ND,YES,324
C41_aejrq,C39_aejrj,C41,C39,NO,ND,YES,318
C41_aejrq,C41_aejrr,C41,C41,NO,ND,YES,35
C41_aejrq,D31_aejqa,C41,D31,NO,ND,NO,299
C41_aejrq,AB01_aejpl,C41,AB01,NO,ND,NO,341
C41_aejrq,C05_aejru,C41,C05,NO,ND,YES,328
C41_aejrq,C35_aejrd,C41,C35,NO,ND,YES,333
C41_aejrq,C40_aejrn,C41,C40,NO,ND,YES,32
C41_aejrq,C39_aejrh,C41,C39,NO,ND,YES,321
C41_aejrq,C30_aejqu,C41,C30,NO,ND,YES,346
C41_aejrq,D31_aejqe,C41,D31,NO,ND,NO,293
C41_aejrq,C07_aftkq,C41,C07,NO,ND,YES,366
C41_aejrq,C07_aftkp,C41,C07,NO,ND,YES,331
C41_aejrq,C39_aejrk,C41,C39,NO,ND,YES,324
C41_aejrq,D31_aejqb,C41,D31,NO,ND,NO,297
C41_aejrq,C35_aejrf,C41,C35,NO,ND,YES,362
C41_aejrq,C35_aejre,C41,C35,NO,ND,YES,341
C41_aejrq,C05_aejrs,C41,C05,NO,ND,YES,333
C41_aejrq,C08_aftku,C41,C08,NO,ND,YES,351
C41_aejrq,C41_aejrq,C41,C41,NO,ND,YES,0
C41_aejrq,C32_aejqy,C41,C32,YES,ND,YES,42
C41_aejrq,F09_aejqi,C41,F09,YES,ND,NO,355
C41_aejrq,C08_aftkt,C41,C08,YES,ND,YES,352
C41_aejrq,C05_aejrt,C41,C05,YES,ND,YES,321
C41_aejrq,AB05_aejpp,C41,AB05,YES,ND,NO,84
C41_aejrq,AB05_aejpo,C41,AB05,YES,ND,NO,68
C41_aejrq,C08_aftks,C41,C08,YES,ND,YES,349
C41_aejrq,C39_aejri,C41,C39,YES,ND,YES,321
C41_aejrq,AB01_aejpn,C41,AB01,YES,ND,NO,79
C41_aejrq,D29_aejpv,C41,D29,YES,ND,NO,321
C41_aejrq,D29_aejpw,C41,D29,YES,ND,NO,310
C41_aejrq,F16_aejql,C41,F16,YES,ND,NO,367
C41_aejrq,F16_aejqm,C41,F16,YES,ND,NO,354
C41_aejrq,C03_aejqr,C41,C03,YES,ND,YES,320
C41_aejrq,AB05_aejpq,C41,AB05,YES,ND,NO,62
C41_aejrq,D29_aejpx,C41,D29,YES,ND,NO,318
C41_aejrq,C08_aftkr,C41,C08,YES,ND,YES,344
C32_aejqy,C03_aejqo,C32,C03,NO,ND,YES,323
C32_aejqy,D31_aejqc,C32,D31,NO,ND,NO,305
C32_aejqy,AB05_aejpr,C32,AB05,NO,ND,NO,67
C32_aejqy,D31_aejpz,C32,D31,NO,ND,NO,287
C32_aejqy,C07_aejrx,C32,C07,NO,ND,YES,321
C32_aejqy,C39_aejrg,C32,C39,NO,ND,YES,320
C32_aejqy,C39_aejrj,C32,C39,NO,ND,YES,320
C32_aejqy,C41_aejrr,C32,C41,NO,ND,YES,57
C32_aejqy,D31_aejqa,C32,D31,NO,ND,NO,302
C32_aejqy,AB01_aejpl,C32,AB01,NO,ND,NO,337
C32_aejqy,C05_aejru,C32,C05,NO,ND,YES,325
C32_aejqy,C35_aejrd,C32,C35,NO,ND,YES,336
C32_aejqy,C40_aejrn,C32,C40,NO,ND,YES,43
C32_aejqy,C39_aejrh,C32,C39,NO,ND,YES,320
C32_aejqy,C30_aejqu,C32,C30,NO,ND,YES,347
C32_aejqy,D31_aejqe,C32,D31,NO,ND,NO,297
C32_aejqy,C07_aftkq,C32,C07,NO,ND,YES,374
C32_aejqy,C07_aftkp,C32,C07,NO,ND,YES,332
C32_aejqy,C39_aejrk,C32,C39,NO,ND,YES,326
C32_aejqy,D31_aejqb,C32,D31,NO,ND,NO,297
C32_aejqy,C35_aejrf,C32,C35,NO,ND,YES,360
C32_aejqy,C35_aejre,C32,C35,NO,ND,YES,333
C32_aejqy,C05_aejrs,C32,C05,NO,ND,YES,330
C32_aejqy,C08_aftku,C32,C08,NO,ND,YES,358
C32_aejqy,C41_aejrq,C32,C41,NO,ND,YES,42
C32_aejqy,C32_aejqy,C32,C32,NO,ND,YES,0
C32_aejqy,F09_aejqi,C32,F09,YES,ND,NO,357
C32_aejqy,C08_aftkt,C32,C08,YES,ND,YES,355
C32_aejqy,C05_aejrt,C32,C05,YES,ND,YES,323
C32_aejqy,AB05_aejpp,C32,AB05,YES,ND,NO,84
C32_aejqy,AB05_aejpo,C32,AB05,YES,ND,NO,72
C32_aejqy,C08_aftks,C32,C08,YES,ND,YES,352
C32_aejqy,C39_aejri,C32,C39,YES,ND,YES,323
C32_aejqy,AB01_aejpn,C32,AB01,YES,ND,NO,73
C32_aejqy,D29_aejpv,C32,D29,YES,ND,NO,324
C32_aejqy,D29_aejpw,C32,D29,YES,ND,NO,312
C32_aejqy,F16_aejql,C32,F16,YES,ND,NO,372
C32_aejqy,F16_aejqm,C32,F16,YES,ND,NO,354
C32_aejqy,C03_aejqr,C32,C03,YES,ND,YES,326
C32_aejqy,AB05_aejpq,C32,AB05,YES,ND,NO,66
C32_aejqy,D29_aejpx,C32,D29,YES,ND,NO,320
C32_aejqy,C08_aftkr,C32,C08,YES,ND,YES,345
F09_aejqi,C03_aejqo,F09,C03,NO,ND,NO,372
F09_aejqi,D31_aejqc,F09,D31,NO,ND,NO,374
F09_aejqi,AB05_aejpr,F09,AB05,NO,ND,NO,348
F09_aejqi,D31_aejpz,F09,D31,NO,ND,NO,360
F09_aejqi,C07_aejrx,F09,C07,NO,ND,NO,370
F09_aejqi,C39_aejrg,F09,C39,NO,ND,NO,374
F09_aejqi,C39_aejrj,F09,C39,NO,ND,NO,375
F09_aejqi,C41_aejrr,F09,C41,NO,ND,NO,376
F09_aejqi,D31_aejqa,F09,D31,NO,ND,NO,377
F09_aejqi,AB01_aejpl,F09,AB01,NO,ND,NO,391
F09_aejqi,C05_aejru,F09,C05,NO,ND,NO,381
F09_aejqi,C35_aejrd,F09,C35,NO,ND,NO,383
F09_aejqi,C40_aejrn,F09,C40,NO,ND,NO,360
F09_aejqi,C39_aejrh,F09,C39,NO,ND,NO,375
F09_aejqi,C30_aejqu,F09,C30,NO,ND,NO,402
F09_aejqi,D31_aejqe,F09,D31,NO,ND,NO,368
F09_aejqi,C07_aftkq,F09,C07,NO,ND,NO,421
F09_aejqi,C07_aftkp,F09,C07,NO,ND,NO,383
F09_aejqi,C39_aejrk,F09,C39,NO,ND,NO,379
F09_aejqi,D31_aejqb,F09,D31,NO,ND,NO,370
F09_aejqi,C35_aejrf,F09,C35,NO,ND,NO,415
F09_aejqi,C35_aejre,F09,C35,NO,ND,NO,394
F09_aejqi,C05_aejrs,F09,C05,NO,ND,NO,385
F09_aejqi,C08_aftku,F09,C08,NO,ND,NO,402
F09_aejqi,C41_aejrq,F09,C41,NO,ND,NO,355
F09_aejqi,C32_aejqy,F09,C32,NO,ND,NO,357
F09_aejqi,F09_aejqi,F09,F09,NO,F_001,YES,0
F09_aejqi,C08_aftkt,F09,C08,YES,ND,NO,406
F09_aejqi,C05_aejrt,F09,C05,YES,ND,NO,376
F09_aejqi,AB05_aejpp,F09,AB05,YES,ND,NO,369
F09_aejqi,AB05_aejpo,F09,AB05,YES,ND,NO,356
F09_aejqi,C08_aftks,F09,C08,YES,ND,NO,403
F09_aejqi,C39_aejri,F09,C39,YES,ND,NO,374
F09_aejqi,AB01_aejpn,F09,AB01,YES,ND,NO,364
F09_aejqi,D29_aejpv,F09,D29,YES,ND,NO,398
F09_aejqi,D29_aejpw,F09,D29,YES,ND,NO,385
F09_aejqi,F16_aejql,F09,F16,YES,F_001,YES,73
F09_aejqi,F16_aejqm,F09,F16,YES,F_001,YES,59
F09_aejqi,C03_aejqr,F09,C03,YES,ND,NO,373
F09_aejqi,AB05_aejpq,F09,AB05,YES,ND,NO,350
F09_aejqi,D29_aejpx,F09,D29,YES,ND,NO,389
F09_aejqi,C08_aftkr,F09,C08,YES,ND,NO,395
C08_aftkt,C03_aejqo,C08,C03,NO,ND,YES,76
C08_aftkt,D31_aejqc,C08,D31,NO,ND,NO,373
C08_aftkt,AB05_aejpr,C08,AB05,NO,ND,NO,348
C08_aftkt,D31_aejpz,C08,D31,NO,ND,NO,361
C08_aftkt,C07_aejrx,C08,C07,NO,C_003,YES,67
C08_aftkt,C39_aejrg,C08,C39,NO,ND,YES,81
C08_aftkt,C39_aejrj,C08,C39,NO,ND,YES,80
C08_aftkt,C41_aejrr,C08,C41,NO,ND,YES,375
C08_aftkt,D31_aejqa,C08,D31,NO,ND,NO,374
C08_aftkt,AB01_aejpl,C08,AB01,NO,ND,NO,97
C08_aftkt,C05_aejru,C08,C05,NO,ND,YES,85
C08_aftkt,C35_aejrd,C08,C35,NO,ND,YES,86
C08_aftkt,C40_aejrn,C08,C40,NO,ND,YES,352
C08_aftkt,C39_aejrh,C08,C39,NO,ND,YES,78
C08_aftkt,C30_aejqu,C08,C30,NO,ND,YES,108
C08_aftkt,D31_aejqe,C08,D31,NO,ND,NO,367
C08_aftkt,C07_aftkq,C08,C07,NO,C_003,YES,98
C08_aftkt,C07_aftkp,C08,C07,NO,C_003,YES,66
C08_aftkt,C39_aejrk,C08,C39,NO,ND,YES,81
C08_aftkt,D31_aejqb,C08,D31,NO,ND,NO,370
C08_aftkt,C35_aejrf,C08,C35,NO,ND,YES,117
C08_aftkt,C35_aejre,C08,C35,NO,ND,YES,96
C08_aftkt,C05_aejrs,C08,C05,NO,ND,YES,90
C08_aftkt,C08_aftku,C08,C08,NO,C_003,YES,78
C08_aftkt,C41_aejrq,C08,C41,NO,ND,YES,352
C08_aftkt,C32_aejqy,C08,C32,NO,ND,YES,355
C08_aftkt,F09_aejqi,C08,F09,NO,ND,NO,406
C08_aftkt,C08_aftkt,C08,C08,NO,C_003,YES,0
C08_aftkt,C05_aejrt,C08,C05,YES,ND,YES,79
C08_aftkt,AB05_aejpp,C08,AB05,YES,ND,NO,370
C08_aftkt,AB05_aejpo,C08,AB05,YES,ND,NO,356
C08_aftkt,C08_aftks,C08,C08,YES,C_003,YES,71
C08_aftkt,C39_aejri,C08,C39,YES,ND,YES,77
C08_aftkt,AB01_aejpn,C08,AB01,YES,ND,NO,361
C08_aftkt,D29_aejpv,C08,D29,YES,ND,NO,398
C08_aftkt,D29_aejpw,C08,D29,YES,ND,NO,386
C08_aftkt,F16_aejql,C08,F16,YES,ND,NO,417
C08_aftkt,F16_aejqm,C08,F16,YES,ND,NO,403
C08_aftkt,C03_aejqr,C08,C03,YES,ND,YES,77
C08_aftkt,AB05_aejpq,C08,AB05,YES,ND,NO,350
C08_aftkt,D29_aejpx,C08,D29,YES,ND,NO,390
C08_aftkt,C08_aftkr,C08,C08,YES,C_003,YES,59
C05_aejrt,C03_aejqo,C05,C03,NO,ND,YES,28
C05_aejrt,D31_aejqc,C05,D31,NO,ND,NO,339
C05_aejrt,AB05_aejpr,C05,AB05,NO,ND,NO,318
C05_aejrt,D31_aejpz,C05,D31,NO,ND,NO,326
C05_aejrt,C07_aejrx,C05,C07,NO,ND,YES,48
C05_aejrt,C39_aejrg,C05,C39,NO,ND,YES,29
C05_aejrt,C39_aejrj,C05,C39,NO,ND,YES,31
C05_aejrt,C41_aejrr,C05,C41,NO,ND,YES,342
C05_aejrt,D31_aejqa,C05,D31,NO,ND,NO,337
C05_aejrt,AB01_aejpl,C05,AB01,NO,ND,NO,50
C05_aejrt,C05_aejru,C05,C05,NO,ND,YES,20
C05_aejrt,C35_aejrd,C05,C35,NO,ND,YES,59
C05_aejrt,C40_aejrn,C05,C40,NO,ND,YES,324
C05_aejrt,C39_aejrh,C05,C39,NO,ND,YES,27
C05_aejrt,C30_aejqu,C05,C30,NO,ND,YES,58
C05_aejrt,D31_aejqe,C05,D31,NO,ND,NO,338
C05_aejrt,C07_aftkq,C05,C07,NO,ND,YES,96
C05_aejrt,C07_aftkp,C05,C07,NO,ND,YES,58
C05_aejrt,C39_aejrk,C05,C39,NO,ND,YES,33
C05_aejrt,D31_aejqb,C05,D31,NO,ND,NO,332
C05_aejrt,C35_aejrf,C05,C35,NO,ND,YES,85
C05_aejrt,C35_aejre,C05,C35,NO,ND,YES,50
C05_aejrt,C05_aejrs,C05,C05,NO,ND,YES,19
C05_aejrt,C08_aftku,C05,C08,NO,ND,YES,81
C05_aejrt,C41_aejrq,C05,C41,NO,ND,YES,321
C05_aejrt,C32_aejqy,C05,C32,NO,ND,YES,323
C05_aejrt,F09_aejqi,C05,F09,NO,ND,NO,376
C05_aejrt,C08_aftkt,C05,C08,NO,ND,YES,79
C05_aejrt,C05_aejrt,C05,C05,NO,ND,YES,0
C05_aejrt,AB05_aejpp,C05,AB05,YES,ND,NO,333
C05_aejrt,AB05_aejpo,C05,AB05,YES,ND,NO,323
C05_aejrt,C08_aftks,C05,C08,YES,ND,YES,76
C05_aejrt,C39_aejri,C05,C39,YES,ND,YES,32
C05_aejrt,AB01_aejpn,C05,AB01,YES,ND,NO,330
C05_aejrt,D29_aejpv,C05,D29,YES,ND,NO,363
C05_aejrt,D29_aejpw,C05,D29,YES,ND,NO,353
C05_aejrt,F16_aejql,C05,F16,YES,ND,NO,389
C05_aejrt,F16_aejqm,C05,F16,YES,ND,NO,373
C05_aejrt,C03_aejqr,C05,C03,YES,ND,YES,31
C05_aejrt,AB05_aejpq,C05,AB05,YES,ND,NO,315
C05_aejrt,D29_aejpx,C05,D29,YES,ND,NO,359
C05_aejrt,C08_aftkr,C05,C08,YES,ND,YES,71
AB05_aejpp,C03_aejqo,AB05,C03,NO,ND,NO,335
AB05_aejpp,D31_aejqc,AB05,D31,NO,ND,NO,314
AB05_aejpp,AB05_aejpr,AB05,AB05,NO,ND,YES,37
AB05_aejpp,D31_aejpz,AB05,D31,NO,ND,NO,297
AB05_aejpp,C07_aejrx,AB05,C07,NO,ND,NO,335
AB05_aejpp,C39_aejrg,AB05,C39,NO,ND,NO,336
AB05_aejpp,C39_aejrj,AB05,C39,NO,ND,NO,338
AB05_aejpp,C41_aejrr,AB05,C41,NO,ND,NO,105
AB05_aejpp,D31_aejqa,AB05,D31,NO,ND,NO,314
AB05_aejpp,AB01_aejpl,AB05,AB01,NO,ND,YES,353
AB05_aejpp,C05_aejru,AB05,C05,NO,ND,NO,345
AB05_aejpp,C35_aejrd,AB05,C35,NO,ND,NO,346
AB05_aejpp,C40_aejrn,AB05,C40,NO,ND,NO,87
AB05_aejpp,C39_aejrh,AB05,C39,NO,ND,NO,336
AB05_aejpp,C30_aejqu,AB05,C30,NO,ND,NO,361
AB05_aejpp,D31_aejqe,AB05,D31,NO,ND,NO,313
AB05_aejpp,C07_aftkq,AB05,C07,NO,ND,NO,385
AB05_aejpp,C07_aftkp,AB05,C07,NO,ND,NO,347
AB05_aejpp,C39_aejrk,AB05,C39,NO,ND,NO,338
AB05_aejpp,D31_aejqb,AB05,D31,NO,ND,NO,307
AB05_aejpp,C35_aejrf,AB05,C35,NO,ND,NO,374
AB05_aejpp,C35_aejre,AB05,C35,NO,ND,NO,353
AB05_aejpp,C05_aejrs,AB05,C05,NO,ND,NO,346
AB05_aejpp,C08_aftku,AB05,C08,NO,ND,NO,370
AB05_aejpp,C41_aejrq,AB05,C41,NO,ND,NO,84
AB05_aejpp,C32_aejqy,AB05,C32,NO,ND,NO,84
AB05_aejpp,F09_aejqi,AB05,F09,NO,ND,NO,369
AB05_aejpp,C08_aftkt,AB05,C08,NO,ND,NO,370
AB05_aejpp,C05_aejrt,AB05,C05,NO,ND,NO,333
AB05_aejpp,AB05_aejpp,AB05,AB05,NO,ND,YES,0
AB05_aejpp,AB05_aejpo,AB05,AB05,YES,ND,YES,40
AB05_aejpp,C08_aftks,AB05,C08,YES,ND,NO,367
AB05_aejpp,C39_aejri,AB05,C39,YES,ND,NO,337
AB05_aejpp,AB01_aejpn,AB05,AB01,YES,ND,YES,69
AB05_aejpp,D29_aejpv,AB05,D29,YES,ND,NO,336
AB05_aejpp,D29_aejpw,AB05,D29,YES,ND,NO,326
AB05_aejpp,F16_aejql,AB05,F16,YES,ND,NO,384
AB05_aejpp,F16_aejqm,AB05,F16,YES,ND,NO,368
AB05_aejpp,C03_aejqr,AB05,C03,YES,ND,NO,336
AB05_aejpp,AB05_aejpq,AB05,AB05,YES,ND,YES,30
AB05_aejpp,D29_aejpx,AB05,D29,YES,ND,NO,334
AB05_aejpp,C08_aftkr,AB05,C08,YES,ND,NO,360
AB05_aejpo,C03_aejqo,AB05,C03,NO,ND,NO,319
AB05_aejpo,D31_aejqc,AB05,D31,NO,ND,NO,302
AB05_aejpo,AB05_aejpr,AB05,AB05,NO,ND,YES,21
AB05_aejpo,D31_aejpz,AB05,D31,NO,ND,NO,287
AB05_aejpo,C07_aejrx,AB05,C07,NO,ND,NO,321
AB05_aejpo,C39_aejrg,AB05,C39,NO,ND,NO,324
AB05_aejpo,C39_aejrj,AB05,C39,NO,ND,NO,318
AB05_aejpo,C41_aejrr,AB05,C41,NO,ND,NO,85
AB05_aejpo,D31_aejqa,AB05,D31,NO,ND,NO,301
AB05_aejpo,AB01_aejpl,AB05,AB01,NO,ND,YES,339
AB05_aejpo,C05_aejru,AB05,C05,NO,ND,NO,327
AB05_aejpo,C35_aejrd,AB05,C35,NO,ND,NO,336
AB05_aejpo,C40_aejrn,AB05,C40,NO,ND,NO,75
AB05_aejpo,C39_aejrh,AB05,C39,NO,ND,NO,322
AB05_aejpo,C30_aejqu,AB05,C30,NO,ND,NO,345
AB05_aejpo,D31_aejqe,AB05,D31,NO,ND,NO,293
AB05_aejpo,C07_aftkq,AB05,C07,NO,ND,NO,373
AB05_aejpo,C07_aftkp,AB05,C07,NO,ND,NO,333
AB05_aejpo,C39_aejrk,AB05,C39,NO,ND,NO,323
AB05_aejpo,D31_aejqb,AB05,D31,NO,ND,NO,293
AB05_aejpo,C35_aejrf,AB05,C35,NO,ND,NO,361
AB05_aejpo,C35_aejre,AB05,C35,NO,ND,NO,339
AB05_aejpo,C05_aejrs,AB05,C05,NO,ND,NO,328
AB05_aejpo,C08_aftku,AB05,C08,NO,ND,NO,356
AB05_aejpo,C41_aejrq,AB05,C41,NO,ND,NO,68
AB05_aejpo,C32_aejqy,AB05,C32,NO,ND,NO,72
AB05_aejpo,F09_aejqi,AB05,F09,NO,ND,NO,356
AB05_aejpo,C08_aftkt,AB05,C08,NO,ND,NO,356
AB05_aejpo,C05_aejrt,AB05,C05,NO,ND,NO,323
AB05_aejpo,AB05_aejpp,AB05,AB05,NO,ND,YES,40
AB05_aejpo,AB05_aejpo,AB05,AB05,NO,ND,YES,0
AB05_aejpo,C08_aftks,AB05,C08,YES,ND,NO,355
AB05_aejpo,C39_aejri,AB05,C39,YES,ND,NO,323
AB05_aejpo,AB01_aejpn,AB05,AB01,YES,ND,YES,55
AB05_aejpo,D29_aejpv,AB05,D29,YES,ND,NO,323
AB05_aejpo,D29_aejpw,AB05,D29,YES,ND,NO,310
AB05_aejpo,F16_aejql,AB05,F16,YES,ND,NO,365
AB05_aejpo,F16_aejqm,AB05,F16,YES,ND,NO,351
AB05_aejpo,C03_aejqr,AB05,C03,YES,ND,NO,324
AB05_aejpo,AB05_aejpq,AB05,AB05,YES,ND,YES,16
AB05_aejpo,D29_aejpx,AB05,D29,YES,ND,NO,319
AB05_aejpo,C08_aftkr,AB05,C08,YES,ND,NO,346
C08_aftks,C03_aejqo,C08,C03,NO,ND,YES,74
C08_aftks,D31_aejqc,C08,D31,NO,ND,NO,371
C08_aftks,AB05_aejpr,C08,AB05,NO,ND,NO,347
C08_aftks,D31_aejpz,C08,D31,NO,ND,NO,359
C08_aftks,C07_aejrx,C08,C07,NO,C_003,YES,65
C08_aftks,C39_aejrg,C08,C39,NO,ND,YES,78
C08_aftks,C39_aejrj,C08,C39,NO,ND,YES,78
C08_aftks,C41_aejrr,C08,C41,NO,ND,YES,373
C08_aftks,D31_aejqa,C08,D31,NO,ND,NO,372
C08_aftks,AB01_aejpl,C08,AB01,NO,ND,NO,95
C08_aftks,C05_aejru,C08,C05,NO,ND,YES,83
C08_aftks,C35_aejrd,C08,C35,NO,ND,YES,86
C08_aftks,C40_aejrn,C08,C40,NO,ND,YES,352
C08_aftks,C39_aejrh,C08,C39,NO,ND,YES,76
C08_aftks,C30_aejqu,C08,C30,NO,ND,YES,105
C08_aftks,D31_aejqe,C08,D31,NO,ND,NO,365
C08_aftks,C07_aftkq,C08,C07,NO,C_003,YES,100
C08_aftks,C07_aftkp,C08,C07,NO,C_003,YES,64
C08_aftks,C39_aejrk,C08,C39,NO,ND,YES,81
C08_aftks,D31_aejqb,C08,D31,NO,ND,NO,368
C08_aftks,C35_aejrf,C08,C35,NO,ND,YES,115
C08_aftks,C35_aejre,C08,C35,NO,ND,YES,94
C08_aftks,C05_aejrs,C08,C05,NO,ND,YES,88
C08_aftks,C08_aftku,C08,C08,NO,C_003,YES,73
C08_aftks,C41_aejrq,C08,C41,NO,ND,YES,349
C08_aftks,C32_aejqy,C08,C32,NO,ND,YES,352
C08_aftks,F09_aejqi,C08,F09,NO,ND,NO,403
C08_aftks,C08_aftkt,C08,C08,NO,C_003,YES,71
C08_aftks,C05_aejrt,C08,C05,NO,ND,YES,76
C08_aftks,AB05_aejpp,C08,AB05,NO,ND,NO,367
C08_aftks,AB05_aejpo,C08,AB05,NO,ND,NO,355
C08_aftks,C08_aftks,C08,C08,NO,C_003,YES,0
C08_aftks,C39_aejri,C08,C39,YES,ND,YES,75
C08_aftks,AB01_aejpn,C08,AB01,YES,ND,NO,359
C08_aftks,D29_aejpv,C08,D29,YES,ND,NO,396
C08_aftks,D29_aejpw,C08,D29,YES,ND,NO,384
C08_aftks,F16_aejql,C08,F16,YES,ND,NO,417
C08_aftks,F16_aejqm,C08,F16,YES,ND,NO,403
C08_aftks,C03_aejqr,C08,C03,YES,ND,YES,75
C08_aftks,AB05_aejpq,C08,AB05,YES,ND,NO,348
C08_aftks,D29_aejpx,C08,D29,YES,ND,NO,388
C08_aftks,C08_aftkr,C08,C08,YES,C_003,YES,57
C39_aejri,C03_aejqo,C39,C03,NO,C_002,YES,24
C39_aejri,D31_aejqc,C39,D31,NO,ND,NO,341
C39_aejri,AB05_aejpr,C39,AB05,NO,ND,NO,316
C39_aejri,D31_aejpz,C39,D31,NO,ND,NO,327
C39_aejri,C07_aejrx,C39,C07,NO,ND,YES,42
C39_aejri,C39_aejrg,C39,C39,NO,C_002,YES,13
C39_aejri,C39_aejrj,C39,C39,NO,C_002,YES,12
C39_aejri,C41_aejrr,C39,C41,NO,ND,YES,342
C39_aejri,D31_aejqa,C39,D31,NO,ND,NO,340
C39_aejri,AB01_aejpl,C39,AB01,NO,ND,NO,51
C39_aejri,C05_aejru,C39,C05,NO,ND,YES,31
C39_aejri,C35_aejrd,C39,C35,NO,ND,YES,54
C39_aejri,C40_aejrn,C39,C40,NO,C_002,YES,322
C39_aejri,C39_aejrh,C39,C39,NO,C_002,YES,13
C39_aejri,C30_aejqu,C39,C30,NO,ND,YES,58
C39_aejri,D31_aejqe,C39,D31,NO,ND,NO,334
C39_aejri,C07_aftkq,C39,C07,NO,ND,YES,96
C39_aejri,C07_aftkp,C39,C07,NO,ND,YES,53
C39_aejri,C39_aejrk,C39,C39,NO,C_002,YES,14
C39_aejri,D31_aejqb,C39,D31,NO,ND,NO,335
C39_aejri,C35_aejrf,C39,C35,NO,ND,YES,88
C39_aejri,C35_aejre,C39,C35,NO,ND,YES,50
C39_aejri,C05_aejrs,C39,C05,NO,ND,YES,39
C39_aejri,C08_aftku,C39,C08,NO,ND,YES,79
C39_aejri,C41_aejrq,C39,C41,NO,ND,YES,321
C39_aejri,C32_aejqy,C39,C32,NO,ND,YES,323
C39_aejri,F09_aejqi,C39,F09,NO,ND,NO,374
C39_aejri,C08_aftkt,C39,C08,NO,ND,YES,77
C39_aejri,C05_aejrt,C39,C05,NO,ND,YES,32
C39_aejri,AB05_aejpp,C39,AB05,NO,ND,NO,337
C39_aejri,AB05_aejpo,C39,AB05,NO,ND,NO,323
C39_aejri,C08_aftks,C39,C08,NO,ND,YES,75
C39_aejri,C39_aejri,C39,C39,NO,C_002,YES,0
C39_aejri,AB01_aejpn,C39,AB01,YES,ND,NO,330
C39_aejri,D29_aejpv,C39,D29,YES,ND,NO,364
C39_aejri,D29_aejpw,C39,D29,YES,ND,NO,354
C39_aejri,F16_aejql,C39,F16,YES,ND,NO,383
C39_aejri,F16_aejqm,C39,F16,YES,ND,NO,369
C39_aejri,C03_aejqr,C39,C03,YES,C_002,YES,27
C39_aejri,AB05_aejpq,C39,AB05,YES,ND,NO,315
C39_aejri,D29_aejpx,C39,D29,YES,ND,NO,354
C39_aejri,C08_aftkr,C39,C08,YES,ND,YES,64
AB01_aejpn,C03_aejqo,AB01,C03,NO,ND,NO,330
AB01_aejpn,D31_aejqc,AB01,D31,NO,ND,NO,308
AB01_aejpn,AB05_aejpr,AB01,AB05,NO,ND,YES,50
AB01_aejpn,D31_aejpz,AB01,D31,NO,ND,NO,293
AB01_aejpn,C07_aejrx,AB01,C07,NO,ND,NO,328
AB01_aejpn,C39_aejrg,AB01,C39,NO,ND,NO,327
AB01_aejpn,C39_aejrj,AB01,C39,NO,ND,NO,328
AB01_aejpn,C41_aejrr,AB01,C41,NO,ND,NO,92
AB01_aejpn,D31_aejqa,AB01,D31,NO,ND,NO,306
AB01_aejpn,AB01_aejpl,AB01,AB01,NO,ND,YES,347
AB01_aejpn,C05_aejru,AB01,C05,NO,ND,NO,333
AB01_aejpn,C35_aejrd,AB01,C35,NO,ND,NO,344
AB01_aejpn,C40_aejrn,AB01,C40,NO,ND,NO,78
AB01_aejpn,C39_aejrh,AB01,C39,NO,ND,NO,325
AB01_aejpn,C30_aejqu,AB01,C30,NO,ND,NO,356
AB01_aejpn,D31_aejqe,AB01,D31,NO,ND,NO,298
AB01_aejpn,C07_aftkq,AB01,C07,NO,ND,NO,380
AB01_aejpn,C07_aftkp,AB01,C07,NO,ND,NO,339
AB01_aejpn,C39_aejrk,AB01,C39,NO,ND,NO,336
AB01_aejpn,D31_aejqb,AB01,D31,NO,ND,NO,303
AB01_aejpn,C35_aejrf,AB01,C35,NO,ND,NO,370
AB01_aejpn,C35_aejre,AB01,C35,NO,ND,NO,344
AB01_aejpn,C05_aejrs,AB01,C05,NO,ND,NO,337
AB01_aejpn,C08_aftku,AB01,C08,NO,ND,NO,367
AB01_aejpn,C41_aejrq,AB01,C41,NO,ND,NO,79
AB01_aejpn,C32_aejqy,AB01,C32,NO,ND,NO,73
AB01_aejpn,F09_aejqi,AB01,F09,NO,ND,NO,364
AB01_aejpn,C08_aftkt,AB01,C08,NO,ND,NO,361
AB01_aejpn,C05_aejrt,AB01,C05,NO,ND,NO,330
AB01_aejpn,AB05_aejpp,AB01,AB05,NO,ND,YES,69
AB01_aejpn,AB05_aejpo,AB01,AB05,NO,ND,YES,55
AB01_aejpn,C08_aftks,AB01,C08,NO,ND,NO,359
AB01_aejpn,C39_aejri,AB01,C39,NO,ND,NO,330
AB01_aejpn,AB01_aejpn,AB01,AB01,NO,ND,YES,0
AB01_aejpn,D29_aejpv,AB01,D29,YES,ND,NO,330
AB01_aejpn,D29_aejpw,AB01,D29,YES,ND,NO,318
AB01_aejpn,F16_aejql,AB01,F16,YES,ND,NO,377
AB01_aejpn,F16_aejqm,AB01,F16,YES,ND,NO,359
AB01_aejpn,C03_aejqr,AB01,C03,YES,ND,NO,329
AB01_aejpn,AB05_aejpq,AB01,AB05,YES,ND,YES,47
AB01_aejpn,D29_aejpx,AB01,D29,YES,ND,NO,326
AB01_aejpn,C08_aftkr,AB01,C08,YES,ND,NO,352
D29_aejpv,C03_aejqo,D29,C03,NO,ND,NO,362
D29_aejpv,D31_aejqc,D29,D31,NO,ND,YES,244
D29_aejpv,AB05_aejpr,D29,AB05,NO,ND,NO,317
D29_aejpv,D31_aejpz,D29,D31,NO,ND,YES,227
D29_aejpv,C07_aejrx,D29,C07,NO,ND,NO,362
D29_aejpv,C39_aejrg,D29,C39,NO,ND,NO,364
D29_aejpv,C39_aejrj,D29,C39,NO,ND,NO,360
D29_aejpv,C41_aejrr,D29,C41,NO,ND,NO,342
D29_aejpv,D31_aejqa,D29,D31,NO,ND,YES,234
D29_aejpv,AB01_aejpl,D29,AB01,NO,ND,NO,380
D29_aejpv,C05_aejru,D29,C05,NO,ND,NO,368
D29_aejpv,C35_aejrd,D29,C35,NO,ND,NO,377
D29_aejpv,C40_aejrn,D29,C40,NO,ND,NO,328
D29_aejpv,C39_aejrh,D29,C39,NO,ND,NO,359
D29_aejpv,C30_aejqu,D29,C30,NO,ND,NO,381
D29_aejpv,D31_aejqe,D29,D31,NO,ND,YES,233
D29_aejpv,C07_aftkq,D29,C07,NO,ND,NO,413
D29_aejpv,C07_aftkp,D29,C07,NO,ND,NO,377
D29_aejpv,C39_aejrk,D29,C39,NO,ND,NO,367
D29_aejpv,D31_aejqb,D29,D31,NO,ND,YES,235
D29_aejpv,C35_aejrf,D29,C35,NO,ND,NO,400
D29_aejpv,C35_aejre,D29,C35,NO,ND,NO,379
D29_aejpv,C05_aejrs,D29,C05,NO,ND,NO,367
D29_aejpv,C08_aftku,D29,C08,NO,ND,NO,399
D29_aejpv,C41_aejrq,D29,C41,NO,ND,NO,321
D29_aejpv,C32_aejqy,D29,C32,NO,ND,NO,324
D29_aejpv,F09_aejqi,D29,F09,NO,ND,NO,398
D29_aejpv,C08_aftkt,D29,C08,NO,ND,NO,398
D29_aejpv,C05_aejrt,D29,C05,NO,ND,NO,363
D29_aejpv,AB05_aejpp,D29,AB05,NO,ND,NO,336
D29_aejpv,AB05_aejpo,D29,AB05,NO,ND,NO,323
D29_aejpv,C08_aftks,D29,C08,NO,ND,NO,396
D29_aejpv,C39_aejri,D29,C39,NO,ND,NO,364
D29_aejpv,AB01_aejpn,D29,AB01,NO,ND,NO,330
D29_aejpv,D29_aejpv,D29,D29,NO,ND,YES,0
D29_aejpv,D29_aejpw,D29,D29,YES,ND,YES,63
D29_aejpv,F16_aejql,D29,F16,YES,ND,NO,408
D29_aejpv,F16_aejqm,D29,F16,YES,ND,NO,392
D29_aejpv,C03_aejqr,D29,C03,YES,ND,NO,364
D29_aejpv,AB05_aejpq,D29,AB05,YES,ND,NO,313
D29_aejpv,D29_aejpx,D29,D29,YES,ND,YES,16
D29_aejpv,C08_aftkr,D29,C08,YES,ND,NO,389
D29_aejpw,C03_aejqo,D29,C03,NO,ND,NO,352
D29_aejpw,D31_aejqc,D29,D31,NO,ND,YES,230
D29_aejpw,AB05_aejpr,D29,AB05,NO,ND,NO,306
D29_aejpw,D31_aejpz,D29,D31,NO,ND,YES,214
D29_aejpw,C07_aejrx,D29,C07,NO,ND,NO,351
D29_aejpw,C39_aejrg,D29,C39,NO,ND,NO,350
D29_aejpw,C39_aejrj,D29,C39,NO,ND,NO,346
D29_aejpw,C41_aejrr,D29,C41,NO,ND,NO,328
D29_aejpw,D31_aejqa,D29,D31,NO,ND,YES,224
D29_aejpw,AB01_aejpl,D29,AB01,NO,ND,NO,363
D29_aejpw,C05_aejru,D29,C05,NO,ND,NO,357
D29_aejpw,C35_aejrd,D29,C35,NO,ND,NO,363
D29_aejpw,C40_aejrn,D29,C40,NO,ND,NO,317
D29_aejpw,C39_aejrh,D29,C39,NO,ND,NO,350
D29_aejpw,C30_aejqu,D29,C30,NO,ND,NO,372
D29_aejpw,D31_aejqe,D29,D31,NO,ND,YES,222
D29_aejpw,C07_aftkq,D29,C07,NO,ND,NO,399
D29_aejpw,C07_aftkp,D29,C07,NO,ND,NO,363
D29_aejpw,C39_aejrk,D29,C39,NO,ND,NO,357
D29_aejpw,D31_aejqb,D29,D31,NO,ND,YES,222
D29_aejpw,C35_aejrf,D29,C35,NO,ND,NO,389
D29_aejpw,C35_aejre,D29,C35,NO,ND,NO,368
D29_aejpw,C05_aejrs,D29,C05,NO,ND,NO,360
D29_aejpw,C08_aftku,D29,C08,NO,ND,NO,387
D29_aejpw,C41_aejrq,D29,C41,NO,ND,NO,310
D29_aejpw,C32_aejqy,D29,C32,NO,ND,NO,312
D29_aejpw,F09_aejqi,D29,F09,NO,ND,NO,385
D29_aejpw,C08_aftkt,D29,C08,NO,ND,NO,386
D29_aejpw,C05_aejrt,D29,C05,NO,ND,NO,353
D29_aejpw,AB05_aejpp,D29,AB05,NO,ND,NO,326
D29_aejpw,AB05_aejpo,D29,AB05,NO,ND,NO,310
D29_aejpw,C08_aftks,D29,C08,NO,ND,NO,384
D29_aejpw,C39_aejri,D29,C39,NO,ND,NO,354
D29_aejpw,AB01_aejpn,D29,AB01,NO,ND,NO,318
D29_aejpw,D29_aejpv,D29,D29,NO,ND,YES,63
D29_aejpw,D29_aejpw,D29,D29,NO,ND,YES,0
D29_aejpw,F16_aejql,D29,F16,YES,ND,NO,400
D29_aejpw,F16_aejqm,D29,F16,YES,ND,NO,385
D29_aejpw,C03_aejqr,D29,C03,YES,ND,NO,355
D29_aejpw,AB05_aejpq,D29,AB05,YES,ND,NO,305
D29_aejpw,D29_aejpx,D29,D29,YES,ND,YES,64
D29_aejpw,C08_aftkr,D29,C08,YES,ND,NO,374
F16_aejql,C03_aejqo,F16,C03,NO,ND,NO,381
F16_aejql,D31_aejqc,F16,D31,NO,ND,NO,386
F16_aejql,AB05_aejpr,F16,AB05,NO,ND,NO,361
F16_aejql,D31_aejpz,F16,D31,NO,ND,NO,374
F16_aejql,C07_aejrx,F16,C07,NO,ND,NO,383
F16_aejql,C39_aejrg,F16,C39,NO,ND,NO,389
F16_aejql,C39_aejrj,F16,C39,NO,ND,NO,386
F16_aejql,C41_aejrr,F16,C41,NO,ND,NO,391
F16_aejql,D31_aejqa,F16,D31,NO,ND,NO,384
F16_aejql,AB01_aejpl,F16,AB01,NO,ND,NO,405
F16_aejql,C05_aejru,F16,C05,NO,ND,NO,391
F16_aejql,C35_aejrd,F16,C35,NO,ND,NO,397
F16_aejql,C40_aejrn,F16,C40,NO,ND,NO,365
F16_aejql,C39_aejrh,F16,C39,NO,ND,NO,388
F16_aejql,C30_aejqu,F16,C30,NO,ND,NO,413
F16_aejql,D31_aejqe,F16,D31,NO,ND,NO,381
F16_aejql,C07_aftkq,F16,C07,NO,ND,NO,433
F16_aejql,C07_aftkp,F16,C07,NO,ND,NO,393
F16_aejql,C39_aejrk,F16,C39,NO,ND,NO,383
F16_aejql,D31_aejqb,F16,D31,NO,ND,NO,380
F16_aejql,C35_aejrf,F16,C35,NO,ND,NO,429
F16_aejql,C35_aejre,F16,C35,NO,ND,NO,403
F16_aejql,C05_aejrs,F16,C05,NO,ND,NO,396
F16_aejql,C08_aftku,F16,C08,NO,ND,NO,414
F16_aejql,C41_aejrq,F16,C41,NO,ND,NO,367
F16_aejql,C32_aejqy,F16,C32,NO,ND,NO,372
F16_aejql,F09_aejqi,F16,F09,NO,F_001,YES,73
F16_aejql,C08_aftkt,F16,C08,NO,ND,NO,417
F16_aejql,C05_aejrt,F16,C05,NO,ND,NO,389
F16_aejql,AB05_aejpp,F16,AB05,NO,ND,NO,384
F16_aejql,AB05_aejpo,F16,AB05,NO,ND,NO,365
F16_aejql,C08_aftks,F16,C08,NO,ND,NO,417
F16_aejql,C39_aejri,F16,C39,NO,ND,NO,383
F16_aejql,AB01_aejpn,F16,AB01,NO,ND,NO,377
F16_aejql,D29_aejpv,F16,D29,NO,ND,NO,408
F16_aejql,D29_aejpw,F16,D29,NO,ND,NO,400
F16_aejql,F16_aejql,F16,F16,NO,F_001,YES,0
F16_aejql,F16_aejqm,F16,F16,YES,F_001,YES,42
F16_aejql,C03_aejqr,F16,C03,YES,ND,NO,382
F16_aejql,AB05_aejpq,F16,AB05,YES,ND,NO,357
F16_aejql,D29_aejpx,F16,D29,YES,ND,NO,401
F16_aejql,C08_aftkr,F16,C08,YES,ND,NO,403
F16_aejqm,C03_aejqo,F16,C03,NO,ND,NO,367
F16_aejqm,D31_aejqc,F16,D31,NO,ND,NO,372
F16_aejqm,AB05_aejpr,F16,AB05,NO,ND,NO,349
F16_aejqm,D31_aejpz,F16,D31,NO,ND,NO,358
F16_aejqm,C07_aejrx,F16,C07,NO,ND,NO,371
F16_aejqm,C39_aejrg,F16,C39,NO,ND,NO,373
F16_aejqm,C39_aejrj,F16,C39,NO,ND,NO,373
F16_aejqm,C41_aejrr,F16,C41,NO,ND,NO,375
F16_aejqm,D31_aejqa,F16,D31,NO,ND,NO,371
F16_aejqm,AB01_aejpl,F16,AB01,NO,ND,NO,391
F16_aejqm,C05_aejru,F16,C05,NO,ND,NO,377
F16_aejqm,C35_aejrd,F16,C35,NO,ND,NO,385
F16_aejqm,C40_aejrn,F16,C40,NO,ND,NO,355
F16_aejqm,C39_aejrh,F16,C39,NO,ND,NO,372
F16_aejqm,C30_aejqu,F16,C30,NO,ND,NO,399
F16_aejqm,D31_aejqe,F16,D31,NO,ND,NO,365
F16_aejqm,C07_aftkq,F16,C07,NO,ND,NO,423
F16_aejqm,C07_aftkp,F16,C07,NO,ND,NO,381
F16_aejqm,C39_aejrk,F16,C39,NO,ND,NO,373
F16_aejqm,D31_aejqb,F16,D31,NO,ND,NO,364
F16_aejqm,C35_aejrf,F16,C35,NO,ND,NO,413
F16_aejqm,C35_aejre,F16,C35,NO,ND,NO,385
F16_aejqm,C05_aejrs,F16,C05,NO,ND,NO,380
F16_aejqm,C08_aftku,F16,C08,NO,ND,NO,403
F16_aejqm,C41_aejrq,F16,C41,NO,ND,NO,354
F16_aejqm,C32_aejqy,F16,C32,NO,ND,NO,354
F16_aejqm,F09_aejqi,F16,F09,NO,F_001,YES,59
F16_aejqm,C08_aftkt,F16,C08,NO,ND,NO,403
F16_aejqm,C05_aejrt,F16,C05,NO,ND,NO,373
F16_aejqm,AB05_aejpp,F16,AB05,NO,ND,NO,368
F16_aejqm,AB05_aejpo,F16,AB05,NO,ND,NO,351
F16_aejqm,C08_aftks,F16,C08,NO,ND,NO,403
F16_aejqm,C39_aejri,F16,C39,NO,ND,NO,369
F16_aejqm,AB01_aejpn,F16,AB01,NO,ND,NO,359
F16_aejqm,D29_aejpv,F16,D29,NO,ND,NO,392
F16_aejqm,D29_aejpw,F16,D29,NO,ND,NO,385
F16_aejqm,F16_aejql,F16,F16,NO,F_001,YES,42
F16_aejqm,F16_aejqm,F16,F16,NO,F_001,YES,0
F16_aejqm,C03_aejqr,F16,C03,YES,ND,NO,370
F16_aejqm,AB05_aejpq,F16,AB05,YES,ND,NO,345
F16_aejqm,D29_aejpx,F16,D29,YES,ND,NO,387
F16_aejqm,C08_aftkr,F16,C08,YES,ND,NO,393
C03_aejqr,C03_aejqo,C03,C03,NO,C_002,YES,17
C03_aejqr,D31_aejqc,C03,D31,NO,ND,NO,339
C03_aejqr,AB05_aejpr,C03,AB05,NO,ND,NO,316
C03_aejqr,D31_aejpz,C03,D31,NO,ND,NO,327
C03_aejqr,C07_aejrx,C03,C07,NO,ND,YES,43
C03_aejqr,C39_aejrg,C03,C39,NO,C_002,YES,32
C03_aejqr,C39_aejrj,C03,C39,NO,C_002,YES,31
C03_aejqr,C41_aejrr,C03,C41,NO,ND,YES,342
C03_aejqr,D31_aejqa,C03,D31,NO,ND,NO,339
C03_aejqr,AB01_aejpl,C03,AB01,NO,ND,NO,54
C03_aejqr,C05_aejru,C03,C05,NO,ND,YES,38
C03_aejqr,C35_aejrd,C03,C35,NO,ND,YES,57
C03_aejqr,C40_aejrn,C03,C40,NO,C_002,YES,319
C03_aejqr,C39_aejrh,C03,C39,NO,C_002,YES,30
C03_aejqr,C30_aejqu,C03,C30,NO,ND,YES,58
C03_aejqr,D31_aejqe,C03,D31,NO,ND,NO,331
C03_aejqr,C07_aftkq,C03,C07,NO,ND,YES,94
C03_aejqr,C07_aftkp,C03,C07,NO,ND,YES,55
C03_aejqr,C39_aejrk,C03,C39,NO,C_002,YES,33
C03_aejqr,D31_aejqb,C03,D31,NO,ND,NO,334
C03_aejqr,C35_aejrf,C03,C35,NO,ND,YES,88
C03_aejqr,C35_aejre,C03,C35,NO,ND,YES,49
C03_aejqr,C05_aejrs,C03,C05,NO,ND,YES,41
C03_aejqr,C08_aftku,C03,C08,NO,ND,YES,78
C03_aejqr,C41_aejrq,C03,C41,NO,ND,YES,320
C03_aejqr,C32_aejqy,C03,C32,NO,ND,YES,326
C03_aejqr,F09_aejqi,C03,F09,NO,ND,NO,373
C03_aejqr,C08_aftkt,C03,C08,NO,ND,YES,77
C03_aejqr,C05_aejrt,C03,C05,NO,ND,YES,31
C03_aejqr,AB05_aejpp,C03,AB05,NO,ND,NO,336
C03_aejqr,AB05_aejpo,C03,AB05,NO,ND,NO,324
C03_aejqr,C08_aftks,C03,C08,NO,ND,YES,75
C03_aejqr,C39_aejri,C03,C39,NO,C_002,YES,27
C03_aejqr,AB01_aejpn,C03,AB01,NO,ND,NO,329
C03_aejqr,D29_aejpv,C03,D29,NO,ND,NO,364
C03_aejqr,D29_aejpw,C03,D29,NO,ND,NO,355
C03_aejqr,F16_aejql,C03,F16,NO,ND,NO,382
C03_aejqr,F16_aejqm,C03,F16,NO,ND,NO,370
C03_aejqr,C03_aejqr,C03,C03,NO,C_002,YES,0
C03_aejqr,AB05_aejpq,C03,AB05,YES,ND,NO,316
C03_aejqr,D29_aejpx,C03,D29,YES,ND,NO,357
C03_aejqr,C08_aftkr,C03,C08,YES,ND,YES,64
AB05_aejpq,C03_aejqo,AB05,C03,NO,ND,NO,313
AB05_aejpq,D31_aejqc,AB05,D31,NO,ND,NO,295
AB05_aejpq,AB05_aejpr,AB05,AB05,NO,ND,YES,15
AB05_aejpq,D31_aejpz,AB05,D31,NO,ND,NO,278
AB05_aejpq,C07_aejrx,AB05,C07,NO,ND,NO,315
AB05_aejpq,C39_aejrg,AB05,C39,NO,ND,NO,316
AB05_aejpq,C39_aejrj,AB05,C39,NO,ND,NO,313
AB05_aejpq,C41_aejrr,AB05,C41,NO,ND,NO,81
AB05_aejpq,D31_aejqa,AB05,D31,NO,ND,NO,289
AB05_aejpq,AB01_aejpl,AB05,AB01,NO,ND,YES,332
AB05_aejpq,C05_aejru,AB05,C05,NO,ND,NO,322
AB05_aejpq,C35_aejrd,AB05,C35,NO,ND,NO,329
AB05_aejpq,C40_aejrn,AB05,C40,NO,ND,NO,67
AB05_aejpq,C39_aejrh,AB05,C39,NO,ND,NO,314
AB05_aejpq,C30_aejqu,AB05,C30,NO,ND,NO,339
AB05_aejpq,D31_aejqe,AB05,D31,NO,ND,NO,287
AB05_aejpq,C07_aftkq,AB05,C07,NO,ND,NO,367
AB05_aejpq,C07_aftkp,AB05,C07,NO,ND,NO,324
AB05_aejpq,C39_aejrk,AB05,C39,NO,ND,NO,317
AB05_aejpq,D31_aejqb,AB05,D31,NO,ND,NO,288
AB05_aejpq,C35_aejrf,AB05,C35,NO,ND,NO,357
AB05_aejpq,C35_aejre,AB05,C35,NO,ND,NO,335
AB05_aejpq,C05_aejrs,AB05,C05,NO,ND,NO,324
AB05_aejpq,C08_aftku,AB05,C08,NO,ND,NO,352
AB05_aejpq,C41_aejrq,AB05,C41,NO,ND,NO,62
AB05_aejpq,C32_aejqy,AB05,C32,NO,ND,NO,66
AB05_aejpq,F09_aejqi,AB05,F09,NO,ND,NO,350
AB05_aejpq,C08_aftkt,AB05,C08,NO,ND,NO,350
AB05_aejpq,C05_aejrt,AB05,C05,NO,ND,NO,315
AB05_aejpq,AB05_aejpp,AB05,AB05,NO,ND,YES,30
AB05_aejpq,AB05_aejpo,AB05,AB05,NO,ND,YES,16
AB05_aejpq,C08_aftks,AB05,C08,NO,ND,NO,348
AB05_aejpq,C39_aejri,AB05,C39,NO,ND,NO,315
AB05_aejpq,AB01_aejpn,AB05,AB01,NO,ND,YES,47
AB05_aejpq,D29_aejpv,AB05,D29,NO,ND,NO,313
AB05_aejpq,D29_aejpw,AB05,D29,NO,ND,NO,305
AB05_aejpq,F16_aejql,AB05,F16,NO,ND,NO,357
AB05_aejpq,F16_aejqm,AB05,F16,NO,ND,NO,345
AB05_aejpq,C03_aejqr,AB05,C03,NO,ND,NO,316
AB05_aejpq,AB05_aejpq,AB05,AB05,NO,ND,YES,0
AB05_aejpq,D29_aejpx,AB05,D29,YES,ND,NO,311
AB05_aejpq,C08_aftkr,AB05,C08,YES,ND,NO,341
D29_aejpx,C03_aejqo,D29,C03,NO,ND,NO,352
D29_aejpx,D31_aejqc,D29,D31,NO,ND,YES,237
D29_aejpx,AB05_aejpr,D29,AB05,NO,ND,NO,311
D29_aejpx,D31_aejpz,D29,D31,NO,ND,YES,225
D29_aejpx,C07_aejrx,D29,C07,NO,ND,NO,352
D29_aejpx,C39_aejrg,D29,C39,NO,ND,NO,356
D29_aejpx,C39_aejrj,D29,C39,NO,ND,NO,355
D29_aejpx,C41_aejrr,D29,C41,NO,ND,NO,336
D29_aejpx,D31_aejqa,D29,D31,NO,ND,YES,237
D29_aejpx,AB01_aejpl,D29,AB01,NO,ND,NO,376
D29_aejpx,C05_aejru,D29,C05,NO,ND,NO,362
D29_aejpx,C35_aejrd,D29,C35,NO,ND,NO,365
D29_aejpx,C40_aejrn,D29,C40,NO,ND,NO,322
D29_aejpx,C39_aejrh,D29,C39,NO,ND,NO,359
D29_aejpx,C30_aejqu,D29,C30,NO,ND,NO,383
D29_aejpx,D31_aejqe,D29,D31,NO,ND,YES,233
D29_aejpx,C07_aftkq,D29,C07,NO,ND,NO,405
D29_aejpx,C07_aftkp,D29,C07,NO,ND,NO,367
D29_aejpx,C39_aejrk,D29,C39,NO,ND,NO,359
D29_aejpx,D31_aejqb,D29,D31,NO,ND,YES,229
D29_aejpx,C35_aejrf,D29,C35,NO,ND,NO,398
D29_aejpx,C35_aejre,D29,C35,NO,ND,NO,378
D29_aejpx,C05_aejrs,D29,C05,NO,ND,NO,367
D29_aejpx,C08_aftku,D29,C08,NO,ND,NO,390
D29_aejpx,C41_aejrq,D29,C41,NO,ND,NO,318
D29_aejpx,C32_aejqy,D29,C32,NO,ND,NO,320
D29_aejpx,F09_aejqi,D29,F09,NO,ND,NO,389
D29_aejpx,C08_aftkt,D29,C08,NO,ND,NO,390
D29_aejpx,C05_aejrt,D29,C05,NO,ND,NO,359
D29_aejpx,AB05_aejpp,D29,AB05,NO,ND,NO,334
D29_aejpx,AB05_aejpo,D29,AB05,NO,ND,NO,319
D29_aejpx,C08_aftks,D29,C08,NO,ND,NO,388
D29_aejpx,C39_aejri,D29,C39,NO,ND,NO,354
D29_aejpx,AB01_aejpn,D29,AB01,NO,ND,NO,326
D29_aejpx,D29_aejpv,D29,D29,NO,ND,YES,16
D29_aejpx,D29_aejpw,D29,D29,NO,ND,YES,64
D29_aejpx,F16_aejql,D29,F16,NO,ND,NO,401
D29_aejpx,F16_aejqm,D29,F16,NO,ND,NO,387
D29_aejpx,C03_aejqr,D29,C03,NO,ND,NO,357
D29_aejpx,AB05_aejpq,D29,AB05,NO,ND,NO,311
D29_aejpx,D29_aejpx,D29,D29,NO,ND,YES,0
D29_aejpx,C08_aftkr,D29,C08,YES,ND,NO,380
C08_aftkr,C03_aejqo,C08,C03,NO,ND,YES,65
C08_aftkr,D31_aejqc,C08,D31,NO,ND,NO,364
C08_aftkr,AB05_aejpr,C08,AB05,NO,ND,NO,339
C08_aftkr,D31_aejpz,C08,D31,NO,ND,NO,350
C08_aftkr,C07_aejrx,C08,C07,NO,C_003,YES,54
C08_aftkr,C39_aejrg,C08,C39,NO,ND,YES,71
C08_aftkr,C39_aejrj,C08,C39,NO,ND,YES,68
C08_aftkr,C41_aejrr,C08,C41,NO,ND,YES,363
C08_aftkr,D31_aejqa,C08,D31,NO,ND,NO,366
C08_aftkr,AB01_aejpl,C08,AB01,NO,ND,NO,87
C08_aftkr,C05_aejru,C08,C05,NO,ND,YES,73
C08_aftkr,C35_aejrd,C08,C35,NO,ND,YES,78
C08_aftkr,C40_aejrn,C08,C40,NO,ND,YES,345
C08_aftkr,C39_aejrh,C08,C39,NO,ND,YES,69
C08_aftkr,C30_aejqu,C08,C30,NO,ND,YES,97
C08_aftkr,D31_aejqe,C08,D31,NO,ND,NO,358
C08_aftkr,C07_aftkq,C08,C07,NO,C_003,YES,86
C08_aftkr,C07_aftkp,C08,C07,NO,C_003,YES,53
C08_aftkr,C39_aejrk,C08,C39,NO,ND,YES,71
C08_aftkr,D31_aejqb,C08,D31,NO,ND,NO,360
C08_aftkr,C35_aejrf,C08,C35,NO,ND,YES,106
C08_aftkr,C35_aejre,C08,C35,NO,ND,YES,83
C08_aftkr,C05_aejrs,C08,C05,NO,ND,YES,78
C08_aftkr,C08_aftku,C08,C08,NO,C_003,YES,68
C08_aftkr,C41_aejrq,C08,C41,NO,ND,YES,344
C08_aftkr,C32_aejqy,C08,C32,NO,ND,YES,345
C08_aftkr,F09_aejqi,C08,F09,NO,ND,NO,395
C08_aftkr,C08_aftkt,C08,C08,NO,C_003,YES,59
C08_aftkr,C05_aejrt,C08,C05,NO,ND,YES,71
C08_aftkr,AB05_aejpp,C08,AB05,NO,ND,NO,360
C08_aftkr,AB05_aejpo,C08,AB05,NO,ND,NO,346
C08_aftkr,C08_aftks,C08,C08,NO,C_003,YES,57
C08_aftkr,C39_aejri,C08,C39,NO,ND,YES,64
C08_aftkr,AB01_aejpn,C08,AB01,NO,ND,NO,352
C08_aftkr,D29_aejpv,C08,D29,NO,ND,NO,389
C08_aftkr,D29_aejpw,C08,D29,NO,ND,NO,374
C08_aftkr,F16_aejql,C08,F16,NO,ND,NO,403
C08_aftkr,F16_aejqm,C08,F16,NO,ND,NO,393
C08_aftkr,C03_aejqr,C08,C03,NO,ND,YES,64
C08_aftkr,AB05_aejpq,C08,AB05,NO,ND,NO,341
C08_aftkr,D29_aejpx,C08,D29,NO,ND,NO,380
C08_aftkr,C08_aftkr,C08,C08,NO,C_003,YES,0
