,code,village,colors,Family,tip2,SQLE
1,aejqr,Village C,yellow,Family_1,C03_aejqr,WT
2,aejrk,Village C,white,Family_1,C39_aejrk,WT
3,aejri,Village C,yellow,Family_1,C39_aejri,WT
4,aejrh,Village C,white,Family_1,C39_aejrh,WT
5,aejrj,Village C,yellow,Family_1,C39_aejrj,WT
6,aejrg,Village C,white,Family_1,C39_aejrg,WT
7,aejqu,Village C,white,No_info,C30_aejqu,WT
8,aejrf,Village C,orange,No_info,C35_aejrf,WT
9,aejrd,Village C,white,No_info,C35_aejrd,WT
10,aftkq,Village C,white,Family_3,C07_aftkq,Leu393Ser
11,aftkp,Village C,yellow,Family_3,C07_aftkp,Leu393Ser
12,aejrx,Village C,yellow,Family_3,C07_aejrx,Leu393Ser
13,aftku,Village C,white,Family_3,C08_aftku,Leu393Ser
14,aftkr,Village C,yellow,Family_3,C08_aftkr,Leu393Ser
15,aftkt,Village C,yellow,Family_3,C08_aftkt,Leu393Ser
16,aftks,Village C,yellow,Family_3,C08_aftks,Leu393Ser
17,aejpq,Village AB,orange,No_info,AB05_aejpq,WT
18,aejpp,Village AB,orange,No_info,AB05_aejpp,WT
19,aejpr,Village AB,orange,No_info,AB05_aejpr,WT
20,aejpo,Village AB,orange,No_info,AB05_aejpo,WT
21,aejpn,Village AB,orange,No_info,AB01_aejpn,WT
22,aejqy,Village C,white,No_info,C32_aejqy,WT
23,aejrq,Village C,white,No_info,C41_aejrq,Ala469Thr
24,aejrr,Village C,white,No_info,C41_aejrr,Ala469Thr
25,aejrn,Village C,orange,Family_1,C40_aejrn,WT
26,aejpz,Village D,white,No_info,D31_aejpz,WT
27,aejqc,Village D,orange,No_info,D31_aejqc,WT
28,aejqb,Village D,white,No_info,D31_aejqb,WT
29,aejqa,Village D,white,No_info,D31_aejqa,WT
30,aejqe,Village D,white,No_info,D31_aejqe,WT
31,aejpw,Village D,orange,No_info,D29_aejpw,WT
32,aejpv,Village D,orange,No_info,D29_aejpv,WT
33,aejpx,Village D,orange,No_info,D29_aejpx,WT
34,aejql,Village F,brown,Family_2,F16_aejql,WT
35,aejqm,Village F,yellow,Family_2,F16_aejqm,WT
36,aejqi,Village F,yellow,Family_2,F09_aejqi,WT
37,aejpl,Village AB,yellow,No_info,AB01_aejpl,WT
38,aejre,Village C,white,No_info,C35_aejre,WT
39,aejru,Village C,white,Family_1,C05_aejru,WT
40,aejrt,Village C,white,Family_1,C05_aejrt,WT
41,aejrs,Village C,white,Family_1,C05_aejrs,WT
42,aejqo,Village C,white,Family_1,C03_aejqo,WT
